{"Ledoit-Wolf": {"std": 0.0, "best_params": {}, "min": 147.69057993676998, "scores": [147.69057993676998], "mean": 147.69057993676998}, "Ground Truth": {"std": 0.0, "best_params": {}, "min": 117.29989886232663, "scores": [117.29989886232663], "mean": 117.29989886232663}, "Linear CorEx": {"std": 0.0, "best_params": {"anneal": true, "max_iter": 500, "n_hidden": 8}, "min": 125.97666106097685, "scores": [125.97666106097685], "mean": 125.97666106097685}, "Graphical LASSO": {"std": 0.0, "best_params": {"alpha": 0.1, "max_iter": 100, "mode": "lars"}, "min": 138.3745161334603, "scores": [138.3745161334603], "mean": 138.3745161334603}, "Time-Varying GLASSO (no reg)": {"std": 0.0, "best_params": {"lamb": 0.1, "beta": 0.0, "max_iter": 30, "indexOfPenalty": 1}, "min": 138.15659047307264, "scores": [138.15659047307264], "mean": 138.15659047307264}, "Time-Varying Linear CorEx (Sigma)": {"std": 0.0, "best_params": {"max_iter": 500, "l2": 0, "l1": 0.01, "anneal": true, "nt": 10, "n_hidden": 8, "nv": 128}, "min": 125.80692956952979, "scores": [125.80692956952979], "mean": 125.80692956952979}, "Factor Analysis": {"std": 0.0, "best_params": {"n_components": 8}, "min": 158.1460893323449, "scores": [158.1460893323449], "mean": 158.1460893323449}, "Oracle approximating shrinkage": {"std": 0.0, "best_params": {}, "min": 147.29531654790094, "scores": [147.29531654790094], "mean": 147.29531654790094}, "Diagonal": {"std": 0.0, "best_params": {}, "min": 184.17046833335215, "scores": [184.17046833335215], "mean": 184.17046833335215}, "Time-Varying Linear CorEx (WWT)": {"std": 0.0, "best_params": {"max_iter": 500, "l2": 0, "l1": 0.01, "anneal": true, "nt": 10, "n_hidden": 8, "nv": 128}, "min": 125.88970209603383, "scores": [125.88970209603383], "mean": 125.88970209603383}, "Time-Varying Linear CorEx (W)": {"std": 0.0, "best_params": {"max_iter": 500, "l2": 0, "l1": 0.003, "anneal": true, "nt": 10, "n_hidden": 8, "nv": 128}, "min": 125.96690169288567, "scores": [125.96690169288567], "mean": 125.96690169288567}, "Time-Varying GLASSO": {"std": 0.0, "best_params": {"lamb": 0.03, "beta": 0.3, "max_iter": 30, "indexOfPenalty": 1}, "min": 129.07169508837143, "scores": [129.07169508837143], "mean": 129.07169508837143}, "PCA": {"std": 0.0, "best_params": {"n_components": 8}, "min": 167.03898054715106, "scores": [167.03898054715106], "mean": 167.03898054715106}}