{"Ledoit-Wolf": {"std": 0.0, "best_params": {}, "min": 156.0274403555612, "scores": [156.0274403555612], "mean": 156.0274403555612}, "Ground Truth": {"std": 0.0, "best_params": {}, "min": 111.20696168233835, "scores": [111.20696168233835], "mean": 111.20696168233835}, "Linear CorEx": {"std": 0.0, "best_params": {"anneal": true, "max_iter": 500, "n_hidden": 8}, "min": 134.79748609360004, "scores": [134.79748609360004], "mean": 134.79748609360004}, "Graphical LASSO": {"std": 0.0, "best_params": {"alpha": 0.3, "max_iter": 100, "mode": "lars"}, "min": 146.50221004335276, "scores": [146.50221004335276], "mean": 146.50221004335276}, "Time-Varying GLASSO (no reg)": {"std": 0.0, "best_params": {"lamb": 0.3, "beta": 0.0, "max_iter": 30, "indexOfPenalty": 1}, "min": 146.6946614197301, "scores": [146.6946614197301], "mean": 146.6946614197301}, "Time-Varying Linear CorEx (Sigma)": {"std": 0.0, "best_params": {"max_iter": 500, "l2": 0, "l1": 0.001, "anneal": true, "nt": 10, "n_hidden": 8, "nv": 128}, "min": 134.2971522807515, "scores": [134.2971522807515], "mean": 134.2971522807515}, "Factor Analysis": {"std": 0.0, "best_params": {"n_components": 8}, "min": 467.97935944476114, "scores": [467.97935944476114], "mean": 467.97935944476114}, "Oracle approximating shrinkage": {"std": 0.0, "best_params": {}, "min": 155.89292625178737, "scores": [155.89292625178737], "mean": 155.89292625178737}, "Diagonal": {"std": 0.0, "best_params": {}, "min": 188.3832034165313, "scores": [188.3832034165313], "mean": 188.3832034165313}, "Time-Varying Linear CorEx (WWT)": {"std": 0.0, "best_params": {"max_iter": 500, "l2": 0, "l1": 0.003, "anneal": true, "nt": 10, "n_hidden": 8, "nv": 128}, "min": 134.85076205692022, "scores": [134.85076205692022], "mean": 134.85076205692022}, "Time-Varying Linear CorEx (W)": {"std": 0.0, "best_params": {"max_iter": 500, "l2": 0, "l1": 0.03, "anneal": true, "nt": 10, "n_hidden": 8, "nv": 128}, "min": 136.70380435669668, "scores": [136.70380435669668], "mean": 136.70380435669668}, "Time-Varying GLASSO": {"std": 0.0, "best_params": {"lamb": 0.1, "beta": 0.3, "max_iter": 30, "indexOfPenalty": 1}, "min": 128.91474945256851, "scores": [128.91474945256851], "mean": 128.91474945256851}, "PCA": {"std": 0.0, "best_params": {"n_components": 8}, "min": 192.7719945453029, "scores": [192.7719945453029], "mean": 192.7719945453029}}