{"Time-Varying GLASSO (no reg)": {"std": 0.0, "best_params": {"lamb": 0.3, "beta": 0.0, "max_iter": 30, "indexOfPenalty": 1}, "min": 147.6886681735371, "scores": [147.6886681735371], "mean": 147.6886681735371}, "Time-Varying GLASSO": {"std": 0.0, "best_params": {"lamb": 0.03, "beta": 0.3, "max_iter": 30, "indexOfPenalty": 1}, "min": 103.61072533865999, "scores": [103.61072533865999], "mean": 103.61072533865999},"Ledoit-Wolf": {"std": 0.0, "best_params": {}, "min": 154.72951233557993, "scores": [154.72951233557993], "mean": 154.72951233557993}, "Ground Truth": {"std": 0.0, "best_params": {}, "min": 84.51137984418081, "scores": [84.51137984418081], "mean": 84.51137984418081}, "Linear CorEx": {"std": 0.0, "best_params": {"anneal": true, "max_iter": 500, "n_hidden": 8}, "min": 174.76023617948456, "scores": [174.76023617948456], "mean": 174.76023617948456}, "Graphical LASSO": {"std": 0.0, "best_params": {"alpha": 1, "max_iter": 100, "mode": "lars"}, "min": 199.73522421626487, "scores": [199.73522421626487], "mean": 199.73522421626487}, "Time-Varying GLASSO (no reg)": {"std": 0.0, "best_params": {"lamb": 0.3, "beta": 0.0, "max_iter": 30, "indexOfPenalty": 1}, "min": 147.6886681735371, "scores": [147.6886681735371], "mean": 147.6886681735371}, "Time-Varying Linear CorEx (Sigma)": {"std": 0.0, "best_params": {"max_iter": 500, "l2": 0, "l1": 0.03, "anneal": true, "nt": 10, "n_hidden": 8, "nv": 128}, "min": 160.61413522890044, "scores": [160.61413522890044], "mean": 160.61413522890044}, "Factor Analysis": {"std": NaN, "best_params": {"n_components": 8}, "min": Infinity, "scores": [Infinity], "mean": Infinity}, "Oracle approximating shrinkage": {"std": 0.0, "best_params": {}, "min": 153.2859934802589, "scores": [153.2859934802589], "mean": 153.2859934802589}, "Diagonal": {"std": 0.0, "best_params": {}, "min": 208.86160701495905, "scores": [208.86160701495905], "mean": 208.86160701495905}, "Time-Varying Linear CorEx (WWT)": {"std": 0.0, "best_params": {"max_iter": 500, "l2": 0, "l1": 0.1, "anneal": true, "nt": 10, "n_hidden": 8, "nv": 128}, "min": 154.86646859622937, "scores": [154.86646859622937], "mean": 154.86646859622937}, "Time-Varying Linear CorEx (W)": {"std": 0.0, "best_params": {"max_iter": 500, "l2": 0, "l1": 3.0, "anneal": true, "nt": 10, "n_hidden": 8, "nv": 128}, "min": 151.18814070141428, "scores": [151.18814070141428], "mean": 151.18814070141428}, "Time-Varying GLASSO": {"std": 0.0, "best_params": {"lamb": 0.03, "beta": 0.3, "max_iter": 30, "indexOfPenalty": 1}, "min": 103.61072533865999, "scores": [103.61072533865999], "mean": 103.61072533865999}, "PCA": {"std": NaN, "best_params": {"n_components": 8}, "min": Infinity, "scores": [Infinity], "mean": Infinity}}
