{"Ledoit-Wolf": {"std": 0.0, "best_params": {}, "min": 174.69957793221297, "scores": [174.69957793221297], "mean": 174.69957793221297}, "Ground Truth": {"std": 0.0, "best_params": {}, "min": 115.7105442374789, "scores": [115.7105442374789], "mean": 115.7105442374789}, "Linear CorEx": {"std": 0.0, "best_params": {"anneal": true, "max_iter": 500, "n_hidden": 32}, "min": 167.11943639602924, "scores": [167.11943639602924], "mean": 167.11943639602924}, "Graphical LASSO": {"std": 0.0, "best_params": {"alpha": 0.3, "max_iter": 100, "mode": "lars"}, "min": 150.72080862761686, "scores": [150.72080862761686], "mean": 150.72080862761686}, "Time-Varying GLASSO (no reg)": {"std": 0.0, "best_params": {"lamb": 0.3, "beta": 0.0, "max_iter": 30, "indexOfPenalty": 1}, "min": 151.37317877975622, "scores": [151.37317877975622], "mean": 151.37317877975622}, "Time-Varying Linear CorEx (Sigma)": {"std": 0.0, "best_params": {"max_iter": 500, "l2": 0, "l1": 0, "anneal": true, "nt": 10, "n_hidden": 32, "nv": 128}, "min": 173.84837625358722, "scores": [173.84837625358722], "mean": 173.84837625358722}, "Factor Analysis": {"std": NaN, "best_params": {"n_components": 32}, "min": Infinity, "scores": [Infinity], "mean": Infinity}, "Oracle approximating shrinkage": {"std": 0.0, "best_params": {}, "min": 174.38206403952358, "scores": [174.38206403952358], "mean": 174.38206403952358}, "Diagonal": {"std": 0.0, "best_params": {}, "min": 187.18771586333105, "scores": [187.18771586333105], "mean": 187.18771586333105}, "Time-Varying Linear CorEx (WWT)": {"std": 0.0, "best_params": {"max_iter": 500, "l2": 0, "l1": 0.001, "anneal": true, "nt": 10, "n_hidden": 32, "nv": 128}, "min": 173.61599520653394, "scores": [173.61599520653394], "mean": 173.61599520653394}, "Time-Varying Linear CorEx (W)": {"std": 0.0, "best_params": {"max_iter": 500, "l2": 0, "l1": 0.01, "anneal": true, "nt": 10, "n_hidden": 32, "nv": 128}, "min": 174.33353909531243, "scores": [174.33353909531243], "mean": 174.33353909531243}, "Time-Varying GLASSO": {"std": 0.0, "best_params": {"lamb": 0.1, "beta": 0.3, "max_iter": 30, "indexOfPenalty": 1}, "min": 130.4220530996895, "scores": [130.4220530996895], "mean": 130.4220530996895}, "PCA": {"std": NaN, "best_params": {"n_components": 32}, "min": Infinity, "scores": [Infinity], "mean": Infinity}}