{"Time-Varying GLASSO (no reg)": {"std": 0.0, "best_params": {"lamb": 0.1, "beta": 0.0, "max_iter": 30, "indexOfPenalty": 1}, "min": 110.28872633410565, "scores": [110.28872633410565], "mean": 110.28872633410565}, "Time-Varying GLASSO": {"std": 0.0, "best_params": {"lamb": 0.03, "beta": 0.3, "max_iter": 30, "indexOfPenalty": 1}, "min": 97.5975929341561, "scores": [97.5975929341561], "mean": 97.5975929341561}, "Ledoit-Wolf": {"std": 0.0, "best_params": {}, "min": 126.64368524999293, "scores": [126.64368524999293], "mean": 126.64368524999293}, "Ground Truth": {"std": 0.0, "best_params": {}, "min": 84.57598185259383, "scores": [84.57598185259383], "mean": 84.57598185259383}, "Linear CorEx": {"std": 0.0, "best_params": {"anneal": true, "max_iter": 500, "n_hidden": 8}, "min": 99.08773336158738, "scores": [99.08773336158738], "mean": 99.08773336158738}, "Graphical LASSO": {"std": 0.0, "best_params": {"alpha": 0.3, "max_iter": 100, "mode": "lars"}, "min": 114.10718700759689, "scores": [114.10718700759689], "mean": 114.10718700759689}, "Time-Varying Linear CorEx (Sigma)": {"std": 0.0, "best_params": {"max_iter": 500, "l2": 0, "l1": 0.03, "anneal": true, "nt": 10, "n_hidden": 8, "nv": 128}, "min": 97.9793292961632, "scores": [97.9793292961632], "mean": 97.9793292961632}, "Factor Analysis": {"std": 0.0, "best_params": {"n_components": 8}, "min": 386.8718315333314, "scores": [386.8718315333314], "mean": 386.8718315333314}, "Oracle approximating shrinkage": {"std": 0.0, "best_params": {}, "min": 127.78026421013574, "scores": [127.78026421013574], "mean": 127.78026421013574}, "Diagonal": {"std": 0.0, "best_params": {}, "min": 186.2394767906629, "scores": [186.2394767906629], "mean": 186.2394767906629}, "Time-Varying Linear CorEx (WWT)": {"std": 0.0, "best_params": {"max_iter": 500, "l2": 0, "l1": 0.03, "anneal": true, "nt": 10, "n_hidden": 8, "nv": 128}, "min": 98.10195966609363, "scores": [98.10195966609363], "mean": 98.10195966609363}, "Time-Varying Linear CorEx (W)": {"std": 0.0, "best_params": {"max_iter": 500, "l2": 0, "l1": 1.0, "anneal": true, "nt": 10, "n_hidden": 8, "nv": 128}, "min": 98.69064662648681, "scores": [98.69064662648681], "mean": 98.69064662648681}, "PCA": {"std": 0.0, "best_params": {"n_components": 8}, "min": 156.51480487824705, "scores": [156.51480487824705], "mean": 156.51480487824705}}
