{"Ledoit-Wolf": {"std": 0.0, "min": 165.7706576780459, "best_params": {}, "best_window": 12, "scores": [165.7706576780459], "mean": 165.7706576780459}, "Ground Truth": {"std": 0.0, "min": 125.01186181029632, "best_params": {}, "best_window": 4, "scores": [125.01186181029632], "mean": 125.01186181029632}, "Linear CorEx": {"std": 0.0, "min": 151.49750853316203, "best_params": {"anneal": true, "max_iter": 500, "n_hidden": 8}, "best_window": 12, "scores": [151.49750853316203], "mean": 151.49750853316203}, "Graphical LASSO": {"std": 0.0, "min": 152.7673706686083, "best_params": {"alpha": 0.3, "max_iter": 100, "mode": "lars"}, "best_window": 12, "scores": [152.7673706686083], "mean": 152.7673706686083}, "Time-Varying GLASSO (no reg)": {"std": 0.0, "min": 156.68347334685603, "best_params": {"lamb": 0.3, "beta": 0.0, "max_iter": 30, "indexOfPenalty": 1}, "best_window": 8, "scores": [156.68347334685603], "mean": 156.68347334685603}, "Time-Varying Linear CorEx (Sigma)": {"std": 0.0, "min": 151.4410650422713, "best_params": {"max_iter": 500, "l2": 0, "l1": 0.01, "anneal": true, "nt": 30, "n_hidden": 8, "nv": 128}, "best_window": 12, "scores": [151.4410650422713], "mean": 151.4410650422713}, "Factor Analysis": {"std": 0.0, "min": 199.1800892464823, "best_params": {"n_components": 8}, "best_window": 12, "scores": [199.1800892464823], "mean": 199.1800892464823}, "Oracle approximating shrinkage": {"std": 0.0, "min": 165.80046635037024, "best_params": {}, "best_window": 12, "scores": [165.80046635037024], "mean": 165.80046635037024}, "Diagonal": {"std": 0.0, "min": 185.17008785435124, "best_params": {}, "best_window": 12, "scores": [185.17008785435124], "mean": 185.17008785435124}, "Time-Varying Linear CorEx (WWT)": {"std": 0.0, "min": 151.72470648174757, "best_params": {"max_iter": 500, "l2": 0, "l1": 0.03, "anneal": true, "nt": 30, "n_hidden": 8, "nv": 128}, "best_window": 12, "scores": [151.72470648174757], "mean": 151.72470648174757}, "Time-Varying Linear CorEx (W)": {"std": 0.0, "min": 151.061610299161, "best_params": {"max_iter": 500, "l2": 0, "l1": 1.0, "anneal": true, "nt": 30, "n_hidden": 8, "nv": 128}, "best_window": 12, "scores": [151.061610299161], "mean": 151.061610299161}, "Time-Varying GLASSO": {"std": 0.0, "min": 199.14909494561942, "best_params": {"lamb": 0.01, "beta": 0.3, "max_iter": 30, "indexOfPenalty": 1}, "best_window": 8, "scores": [199.14909494561942], "mean": 199.14909494561942}, "PCA": {"std": 0.0, "min": 201.15169233281213, "best_params": {"n_components": 8}, "best_window": 12, "scores": [201.15169233281213], "mean": 201.15169233281213}}