{"Time-Varying GLASSO (no reg)": {"std": 0.0, "best_params": {"lamb": 0.1, "beta": 0.0, "max_iter": 30, "indexOfPenalty": 1}, "min": 101.14742901687227, "scores": [101.14742901687227], "mean": 101.14742901687227}, "Time-Varying GLASSO": {"std": 0.0, "best_params": {"lamb": 0.03, "beta": 0.1, "max_iter": 30, "indexOfPenalty": 1}, "min": 95.62645209774084, "scores": [95.62645209774084], "mean": 95.62645209774084},"Ledoit-Wolf": {"std": 0.0, "best_params": {}, "min": 109.30003360805362, "scores": [109.30003360805362], "mean": 109.30003360805362}, "Ground Truth": {"std": 0.0, "best_params": {}, "min": 84.31291681920155, "scores": [84.31291681920155], "mean": 84.31291681920155}, "Linear CorEx": {"std": 0.0, "best_params": {"anneal": true, "max_iter": 500, "n_hidden": 8}, "min": 90.37243501543425, "scores": [90.37243501543425], "mean": 90.37243501543425}, "Graphical LASSO": {"std": 0.0, "best_params": {"alpha": 0.3, "max_iter": 100, "mode": "lars"}, "min": 109.91432589595313, "scores": [109.91432589595313], "mean": 109.91432589595313}, "Time-Varying Linear CorEx (Sigma)": {"std": 0.0, "best_params": {"max_iter": 500, "l2": 0, "l1": 0.03, "anneal": true, "nt": 10, "n_hidden": 8, "nv": 128}, "min": 90.08783603101854, "scores": [90.08783603101854], "mean": 90.08783603101854}, "Factor Analysis": {"std": 0.0, "best_params": {"n_components": 8}, "min": 123.39560963837236, "scores": [123.39560963837236], "mean": 123.39560963837236}, "Oracle approximating shrinkage": {"std": 0.0, "best_params": {}, "min": 109.85961342823029, "scores": [109.85961342823029], "mean": 109.85961342823029}, "Diagonal": {"std": 0.0, "best_params": {}, "min": 184.93511076917352, "scores": [184.93511076917352], "mean": 184.93511076917352}, "Time-Varying Linear CorEx (WWT)": {"std": 0.0, "best_params": {"max_iter": 500, "l2": 0, "l1": 0.03, "anneal": true, "nt": 10, "n_hidden": 8, "nv": 128}, "min": 90.09480318553952, "scores": [90.09480318553952], "mean": 90.09480318553952}, "Time-Varying Linear CorEx (W)": {"std": 0.0, "best_params": {"max_iter": 500, "l2": 0, "l1": 0.01, "anneal": true, "nt": 10, "n_hidden": 8, "nv": 128}, "min": 90.31403701624053, "scores": [90.31403701624053], "mean": 90.31403701624053}, "PCA": {"std": 0.0, "best_params": {"n_components": 8}, "min": 125.21223911861311, "scores": [125.21223911861311], "mean": 125.21223911861311}}
