{
  "Ground Truth": {
    "std": 0.0,
    "best_params": {
      
    },
    "min": 84.907758484804518,
    "scores": [
      84.907758484804518
    ],
    "mean": 84.907758484804518
  },
  "Linear CorEx": {
    "std": 0.0,
    "best_params": {
      "anneal": "True",
      "max_iter": 500,
      "n_hidden": 8
    },
    "min": 99.721302082114931,
    "scores": [
      99.721302082114931
    ],
    "mean": 99.721302082114931
  },
  "Time-Varying Linear CorEx (Sigma)": {
    "std": 0.0,
    "best_params": {
      "max_iter": 500,
      "l2": 0,
      "l1": 0.03,
      "anneal": "True",
      "nt": 5,
      "n_hidden": 8,
      "nv": 128
    },
    "min": 98.63976356281637,
    "scores": [
      98.63976356281637
    ],
    "mean": 98.63976356281637
  },
  "Time-Varying GLASSO (no reg)": {
    "std": 0.0,
    "best_params": {
      "lamb": 0.1,
      "beta": 0.0,
      "max_iter": 30,
      "indexOfPenalty": 1
    },
    "min": 110.71448230952464,
    "scores": [
      110.71448230952464
    ],
    "mean": 110.71448230952464
  },
  "Time-Varying Linear CorEx (no reg)": {
    "std": 0.0,
    "best_params": {
      "max_iter": 500,
      "l2": 0,
      "l1": 0.0,
      "anneal": "True",
      "nt": 5,
      "n_hidden": 8,
      "nv": 128
    },
    "min": 99.484795303340519,
    "scores": [
      99.484795303340519
    ],
    "mean": 99.484795303340519
  },
  "Time-Varying Linear CorEx (WWT)": {
    "std": 0.0,
    "best_params": {
      "max_iter": 500,
      "l2": 0,
      "l1": 0.003,
      "anneal": "True",
      "nt": 5,
      "n_hidden": 8,
      "nv": 128
    },
    "min": 99.141739287341835,
    "scores": [
      99.141739287341835
    ],
    "mean": 99.141739287341835
  },
  "Time-Varying Linear CorEx (W)": {
    "std": 0.0,
    "best_params": {
      "max_iter": 500,
      "l2": 0,
      "l1": 1.0,
      "anneal": "True",
      "nt": 5,
      "n_hidden": 8,
      "nv": 128
    },
    "min": 99.078204006803929,
    "scores": [
      99.078204006803929
    ],
    "mean": 99.078204006803929
  },
  "Time-Varying GLASSO": {
    "std": 0.0,
    "best_params": {
      "lamb": 0.03,
      "beta": 1.0,
      "max_iter": 30,
      "indexOfPenalty": 1
    },
    "min": 96.340537292882615,
    "scores": [
      96.340537292882615
    ],
    "mean": 96.340537292882615
  },
  "Linear CorEx on whole data": {
    "std": 0.0,
    "min": 87.096029800351829,
    "scores": [
      87.096029800351829
    ],
    "mean": 87.096029800351829
  },
  "GLASSO on whole data": {
    "std": 0.0,
    "min": 94.055079514040386,
    "scores": [
      94.055079514040386
    ],
    "mean": 94.055079514040386
  }
}
