{"TimeVaryingCorex": {"std": 1.2972502490720632, "best_params": {"max_iter": 500, "l2": 0.1, "l1": 0, "anneal": true, "nt": 10, "n_hidden": 8, "nv": 64}, "min": 78.58798277039064, "scores": [78.58798277039064, 80.68621895999071, 79.36166824595554, 82.27883069486644, 79.3933350490384], "mean": 80.06160714404834}}