{"Ledoit-Wolf": {"std": 0.0, "best_params": {}, "min": 172.6971617023027, "scores": [172.6971617023027], "mean": 172.6971617023027}, "Ground Truth": {"std": 0.0, "best_params": {}, "min": 115.47756283137085, "scores": [115.47756283137085], "mean": 115.47756283137085}, "Linear CorEx": {"std": 0.0, "best_params": {"anneal": true, "max_iter": 500, "n_hidden": 8}, "min": 220.0688320701954, "scores": [220.0688320701954], "mean": 220.0688320701954}, "Graphical LASSO": {"std": 0.0, "best_params": {"alpha": 1, "max_iter": 100, "mode": "lars"}, "min": 200.22970567330285, "scores": [200.22970567330285], "mean": 200.22970567330285}, "Time-Varying GLASSO (no reg)": {"std": 0.0, "best_params": {"lamb": 0.3, "beta": 0.0, "max_iter": 30, "indexOfPenalty": 1}, "min": 176.93946798263104, "scores": [176.93946798263104], "mean": 176.93946798263104}, "Time-Varying Linear CorEx (Sigma)": {"std": 0.0, "best_params": {"max_iter": 500, "l2": 0, "l1": 10.0, "anneal": true, "nt": 10, "n_hidden": 8, "nv": 128}, "min": 201.5689498182076, "scores": [201.5689498182076], "mean": 201.5689498182076}, "Factor Analysis": {"std": NaN, "best_params": {"n_components": 8}, "min": Infinity, "scores": [Infinity], "mean": Infinity}, "Oracle approximating shrinkage": {"std": 0.0, "best_params": {}, "min": 169.38951690596235, "scores": [169.38951690596235], "mean": 169.38951690596235}, "Diagonal": {"std": 0.0, "best_params": {}, "min": 206.33637733947666, "scores": [206.33637733947666], "mean": 206.33637733947666}, "Time-Varying Linear CorEx (WWT)": {"std": 0.0, "best_params": {"max_iter": 500, "l2": 0, "l1": 0.3, "anneal": true, "nt": 10, "n_hidden": 8, "nv": 128}, "min": 198.58612619669475, "scores": [198.58612619669475], "mean": 198.58612619669475}, "Time-Varying Linear CorEx (W)": {"std": 0.0, "best_params": {"max_iter": 500, "l2": 0, "l1": 1.0, "anneal": true, "nt": 10, "n_hidden": 8, "nv": 128}, "min": 202.41194642143273, "scores": [202.41194642143273], "mean": 202.41194642143273}, "Time-Varying GLASSO": {"std": 0.0, "best_params": {"lamb": 0.1, "beta": 1.0, "max_iter": 30, "indexOfPenalty": 1}, "min": 138.66439309233704, "scores": [138.66439309233704], "mean": 138.66439309233704}, "PCA": {"std": NaN, "best_params": {"n_components": 8}, "min": Infinity, "scores": [Infinity], "mean": Infinity}}