{
  "Ground Truth": {
    "std": 0.0,
    "best_params": {
      
    },
    "min": 84.55060180606786,
    "scores": [
      84.55060180606786
    ],
    "mean": 84.55060180606786
  },
  "Linear CorEx": {
    "std": 0.0,
    "best_params": {
      "anneal": "True",
      "max_iter": 500,
      "n_hidden": 8
    },
    "min": 160.32539373744984,
    "scores": [
      160.32539373744984
    ],
    "mean": 160.32539373744984
  },
  "Time-Varying Linear CorEx (Sigma)": {
    "std": 0.0,
    "best_params": {
      "max_iter": 500,
      "l2": 0,
      "l1": 0.03,
      "anneal": "True",
      "nt": 5,
      "n_hidden": 8,
      "nv": 128
    },
    "min": 149.86821607613717,
    "scores": [
      149.86821607613717
    ],
    "mean": 149.86821607613717
  },
  "Time-Varying GLASSO (no reg)": {
    "std": 0.0,
    "best_params": {
      "lamb": 0.3,
      "beta": 0.0,
      "max_iter": 30,
      "indexOfPenalty": 1
    },
    "min": 142.37479648741169,
    "scores": [
      142.37479648741169
    ],
    "mean": 142.37479648741169
  },
  "Time-Varying Linear CorEx (no reg)": {
    "std": 0.0,
    "best_params": {
      "max_iter": 500,
      "l2": 0,
      "l1": 0.0,
      "anneal": "True",
      "nt": 5,
      "n_hidden": 8,
      "nv": 128
    },
    "min": 155.93288624398002,
    "scores": [
      155.93288624398002
    ],
    "mean": 155.93288624398002
  },
  "Time-Varying Linear CorEx (WWT)": {
    "std": 0.0,
    "best_params": {
      "max_iter": 500,
      "l2": 0,
      "l1": 0.03,
      "anneal": "True",
      "nt": 5,
      "n_hidden": 8,
      "nv": 128
    },
    "min": 145.90582104589581,
    "scores": [
      145.90582104589581
    ],
    "mean": 145.90582104589581
  },
  "Time-Varying Linear CorEx (W)": {
    "std": 0.0,
    "best_params": {
      "max_iter": 500,
      "l2": 0,
      "l1": 0.3,
      "anneal": "True",
      "nt": 5,
      "n_hidden": 8,
      "nv": 128
    },
    "min": 151.89389088445782,
    "scores": [
      151.89389088445782
    ],
    "mean": 151.89389088445782
  },
  "Time-Varying GLASSO": {
    "std": 0.0,
    "best_params": {
      "lamb": 0.1,
      "beta": 1.0,
      "max_iter": 30,
      "indexOfPenalty": 1
    },
    "min": 100.65529177359527,
    "scores": [
      100.65529177359527
    ],
    "mean": 100.65529177359527
  },
  "Linear CorEx on whole data": {
    "std": 0.0,
    "min": 88.537798848726183,
    "scores": [
      88.537798848726183
    ],
    "mean": 88.537798848726183
  },
  "GLASSO on whole data": {
    "std": 0.0,
    "min": 97.231055199965667,
    "scores": [
      97.231055199965667
    ],
    "mean": 97.231055199965667
  }
}
