{"Ledoit-Wolf": {"std": 0.0, "min": 185.04325812530135, "best_params": {}, "best_val_score": {"std": 0.0, "min": 183.3004601709029, "scores": [183.3004601709029], "mean": 183.3004601709029}, "scores": [185.04325812530135], "mean": 185.04325812530135}, "Ground Truth": {"std": 0.0, "min": 115.64594222906587, "best_params": {}, "best_val_score": {"std": 0.0, "min": 115.64594222906587, "scores": [115.64594222906587], "mean": 115.64594222906587}, "scores": [115.64594222906587], "mean": 115.64594222906587}, "T-Corex + priors (W, method 2)": {"std": 0.0, "min": 152.75370047141956, "best_params": {"lamb": 0.99, "max_iter": 500, "init": true, "reg_type": "W", "l1": 1.0, "anneal": true, "nt": 10, "n_hidden": 32, "nv": 128}, "best_val_score": 151.92683900284266, "scores": [152.75370047141956], "mean": 152.75370047141956}, "T-Corex (MI)": {"std": 0.0, "min": 202.82245973564198, "best_params": {"max_iter": 500, "reg_type": "MI", "l1": 0.003, "anneal": true, "nt": 10, "n_hidden": 32, "nv": 128}, "best_val_score": 201.99494507207746, "scores": [202.82245973564198], "mean": 202.82245973564198}, "T-Corex + priors (W, method 1)": {"std": 0.0, "min": 154.18967439765083, "best_params": {"lamb": 0.9, "max_iter": 500, "init": true, "reg_type": "W", "l1": 0.003, "anneal": true, "nt": 10, "n_hidden": 32, "nv": 128}, "best_val_score": 154.13448202959438, "scores": [154.18967439765083], "mean": 154.18967439765083}, "T-Corex (WWT)": {"std": 0.0, "min": 202.51349707697983, "best_params": {"max_iter": 500, "reg_type": "WWT", "l1": 0.001, "anneal": true, "nt": 10, "n_hidden": 32, "nv": 128}, "best_val_score": 201.9359304164962, "scores": [202.51349707697983], "mean": 202.51349707697983}, "Linear CorEx (applied bucket-wise)": {"std": 0.0, "min": 213.28238840939906, "best_params": {"anneal": true, "max_iter": 500, "n_hidden": 32}, "best_val_score": 213.780765897044, "scores": [213.28238840939906], "mean": 213.28238840939906}, "Factor Analysis": {"std": NaN, "min": Infinity, "best_params": {"n_components": 32}, "best_val_score": 1e+18, "scores": [Infinity], "mean": Infinity}, "Oracle approximating shrinkage": {"std": 0.0, "min": 180.5156109986287, "best_params": {}, "best_val_score": {"std": 0.0, "min": 178.91198872164455, "scores": [178.91198872164455], "mean": 178.91198872164455}, "scores": [180.5156109986287], "mean": 180.5156109986287}, "Diagonal": {"std": 0.0, "min": 203.85252104205898, "best_params": {}, "best_val_score": {"std": 0.0, "min": 202.4172353128183, "scores": [202.4172353128183], "mean": 202.4172353128183}, "scores": [203.85252104205898], "mean": 203.85252104205898}, "Linear CorEx (applied on whole data)": {"std": 0.0, "min": 153.63803834619756, "best_params": {"anneal": true, "max_iter": 500, "n_hidden": 32}, "best_val_score": 153.81612133292964, "scores": [153.63803834619756], "mean": 153.63803834619756}, "Graphical LASSO (sklearn)": {"std": 0.0, "min": 200.40190207384776, "best_params": {"alpha": 1, "max_iter": 100, "mode": "lars"}, "best_val_score": 199.10447202384867, "scores": [200.40190207384776], "mean": 200.40190207384776}, "T-Corex (W)": {"std": 0.0, "min": 202.824065740872, "best_params": {"max_iter": 500, "reg_type": "W", "l1": 0, "anneal": true, "nt": 10, "n_hidden": 32, "nv": 128}, "best_val_score": 201.9509403752038, "scores": [202.824065740872], "mean": 202.824065740872}, "T-Corex (W, weighted samples)": {"std": 0.0, "min": 148.35241012577427, "best_params": {"max_iter": 500, "init": true, "gamma": 1.25, "l1": 1.0, "anneal": true, "nt": 10, "n_hidden": 32, "nv": 128, "reg_type": "W"}, "best_val_score": 149.7135357723932, "scores": [148.35241012577427], "mean": 148.35241012577427}, "T-GLASSO (no reg)": {"std": 0.0, "min": 185.27660069176892, "best_params": {"lamb": 0.3, "beta": 0.0, "max_iter": 30, "indexOfPenalty": 1}, "best_val_score": 183.98522038725574, "scores": [185.27660069176892], "mean": 185.27660069176892}, "PCA": {"std": NaN, "min": Infinity, "best_params": {"n_components": 32}, "best_val_score": 1e+18, "scores": [Infinity], "mean": Infinity}, "T-Corex (W, weighted samples, no init)": {"std": 0.0, "min": 169.49909585416611, "best_params": {"max_iter": 500, "init": false, "gamma": 1.25, "l1": 1.0, "anneal": true, "nt": 10, "n_hidden": 32, "nv": 128, "reg_type": "W"}, "best_val_score": 169.678193786838, "scores": [169.49909585416611], "mean": 169.49909585416611}, "T-GLASSO": {"std": 0.0, "min": 140.80938922788823, "best_params": {"lamb": 0.1, "beta": 0.3, "max_iter": 30, "indexOfPenalty": 1}, "best_val_score": 140.7371091338435, "scores": [140.80938922788823], "mean": 140.80938922788823}, "T-Corex (Sigma)": {"std": 0.0, "min": 198.59387845170914, "best_params": {"max_iter": 500, "reg_type": "Sigma", "l1": 10.0, "anneal": true, "nt": 10, "n_hidden": 32, "nv": 128}, "best_val_score": 198.4664882624116, "scores": [198.59387845170914], "mean": 198.59387845170914}, "T-Corex + priors (W, method 2, weighted samples)": {"std": 0.0, "min": 150.08644778998843, "best_params": {"lamb": 0.99, "max_iter": 500, "init": true, "nv": 128, "l1": 1.0, "anneal": true, "nt": 10, "n_hidden": 32, "gamma": 1.25, "reg_type": "W"}, "best_val_score": 150.87129990168148, "scores": [150.08644778998843], "mean": 150.08644778998843}}