{"Ledoit-Wolf": {"std": 0.0, "min": 101.39878871682126, "best_params": {}, "best_val_score": {"std": 0.0, "min": 101.38959361623776, "scores": [101.38959361623776], "mean": 101.38959361623776}, "scores": [101.39878871682126], "mean": 101.39878871682126}, "Ground Truth": {"std": 0.0, "min": 77.16099396387324, "best_params": {}, "best_val_score": {"std": 0.0, "min": 77.16099396387324, "scores": [77.16099396387324], "mean": 77.16099396387324}, "scores": [77.16099396387324], "mean": 77.16099396387324}, "T-Corex + priors (W, method 2)": {"std": 0.0, "min": 88.93906404104823, "best_params": {"lamb": 0.0, "max_iter": 500, "init": true, "reg_type": "W", "l1": 10.0, "anneal": true, "nt": 10, "n_hidden": 4, "nv": 128}, "best_val_score": 88.43957762301625, "scores": [88.93906404104823], "mean": 88.93906404104823}, "T-Corex (MI)": {"std": 0.0, "min": 89.6992501293071, "best_params": {"max_iter": 500, "reg_type": "MI", "l1": 0.3, "anneal": true, "nt": 10, "n_hidden": 4, "nv": 128}, "best_val_score": 88.83892337946659, "scores": [89.6992501293071], "mean": 89.6992501293071}, "T-Corex + priors (W, method 1)": {"std": 0.0, "min": 89.2067305240285, "best_params": {"lamb": 0.0, "max_iter": 500, "init": true, "reg_type": "W", "l1": 10.0, "anneal": true, "nt": 10, "n_hidden": 4, "nv": 128}, "best_val_score": 88.49979866307473, "scores": [89.2067305240285], "mean": 89.2067305240285}, "T-Corex (WWT)": {"std": 0.0, "min": 88.8545626109048, "best_params": {"max_iter": 500, "reg_type": "WWT", "l1": 0.1, "anneal": true, "nt": 10, "n_hidden": 4, "nv": 128}, "best_val_score": 88.40008467770878, "scores": [88.8545626109048], "mean": 88.8545626109048}, "Linear CorEx (applied bucket-wise)": {"std": 0.0, "min": 90.011238727437, "best_params": {"anneal": true, "max_iter": 500, "n_hidden": 4}, "best_val_score": 89.46943363051324, "scores": [90.011238727437], "mean": 90.011238727437}, "Factor Analysis": {"std": 0.0, "min": 133.43570689431192, "best_params": {"n_components": 4}, "best_val_score": 133.12279215933785, "scores": [133.43570689431192], "mean": 133.43570689431192}, "Oracle approximating shrinkage": {"std": 0.0, "min": 102.37195932554, "best_params": {}, "best_val_score": {"std": 0.0, "min": 102.329565084974, "scores": [102.329565084974], "mean": 102.329565084974}, "scores": [102.37195932554], "mean": 102.37195932554}, "Diagonal": {"std": 0.0, "min": 186.68135500891148, "best_params": {}, "best_val_score": {"std": 0.0, "min": 191.32519119314654, "scores": [191.32519119314654], "mean": 191.32519119314654}, "scores": [186.68135500891148], "mean": 186.68135500891148}, "Linear CorEx (applied on whole data)": {"std": 0.0, "min": 126.57419718010176, "best_params": {"anneal": true, "max_iter": 500, "n_hidden": 4}, "best_val_score": 128.8327045176335, "scores": [126.57419718010176], "mean": 126.57419718010176}, "Graphical LASSO (sklearn)": {"std": 0.0, "min": 104.59217965488408, "best_params": {"alpha": 0.3, "max_iter": 100, "mode": "lars"}, "best_val_score": 105.03547082015754, "scores": [104.59217965488408], "mean": 104.59217965488408}, "T-Corex (W)": {"std": 0.0, "min": 89.05611403357273, "best_params": {"max_iter": 500, "reg_type": "W", "l1": 10.0, "anneal": true, "nt": 10, "n_hidden": 4, "nv": 128}, "best_val_score": 88.32044850062739, "scores": [89.05611403357273], "mean": 89.05611403357273}, "T-Corex (W, weighted samples)": {"std": 0.0, "min": 87.56755366443568, "best_params": {"max_iter": 500, "init": true, "gamma": 2.5, "l1": 0.3, "anneal": true, "nt": 10, "n_hidden": 4, "nv": 128, "reg_type": "W"}, "best_val_score": 86.88008459683371, "scores": [87.56755366443568], "mean": 87.56755366443568}, "T-GLASSO (no reg)": {"std": 0.0, "min": 96.42688319670117, "best_params": {"lamb": 0.1, "beta": 0.0, "max_iter": 30, "indexOfPenalty": 1}, "best_val_score": 96.17889219135104, "scores": [96.42688319670117], "mean": 96.42688319670117}, "PCA": {"std": 0.0, "min": 148.31011841274122, "best_params": {"n_components": 4}, "best_val_score": 148.427589925777, "scores": [148.31011841274122], "mean": 148.31011841274122}, "T-Corex (W, weighted samples, no init)": {"std": 0.0, "min": 90.49776758724072, "best_params": {"max_iter": 500, "init": false, "gamma": 2.5, "l1": 3.0, "anneal": true, "nt": 10, "n_hidden": 4, "nv": 128, "reg_type": "W"}, "best_val_score": 88.66037343147505, "scores": [90.49776758724072], "mean": 90.49776758724072}, "T-GLASSO": {"std": 0.0, "min": 88.91760589775474, "best_params": {"lamb": 0.01, "beta": 0.3, "max_iter": 30, "indexOfPenalty": 1}, "best_val_score": 88.32694967801956, "scores": [88.91760589775474], "mean": 88.91760589775474}, "T-Corex (Sigma)": {"std": 0.0, "min": 89.77175156533036, "best_params": {"max_iter": 500, "reg_type": "Sigma", "l1": 0.03, "anneal": true, "nt": 10, "n_hidden": 4, "nv": 128}, "best_val_score": 89.18134999050282, "scores": [89.77175156533036], "mean": 89.77175156533036}, "T-Corex + priors (W, method 2, weighted samples)": {"std": 0.0, "min": 87.54628279827209, "best_params": {"lamb": 0.5, "max_iter": 500, "init": true, "nv": 128, "l1": 0.3, "anneal": true, "nt": 10, "n_hidden": 4, "gamma": 2.5, "reg_type": "W"}, "best_val_score": 86.14818796261697, "scores": [87.54628279827209], "mean": 87.54628279827209}, "T-GLASSO (more iters)": {"std": 0.0, "min": 83.15859891555439, "best_params": {"lamb": 0.03, "beta": 0.3, "max_iter": 100, "indexOfPenalty": 1}, "best_val_score": 82.30351015521043, "scores": [83.15859891555439], "mean": 83.15859891555439}, "T-GLASSO (more iters, no reg)": {"std": 0.0, "min": 93.27150107438537, "best_params": {"lamb": 0.1, "beta": 0.0, "max_iter": 100, "indexOfPenalty": 1}, "best_val_score": 92.8609108699163, "scores": [93.27150107438537], "mean": 93.27150107438537}}