{"Ledoit-Wolf": {"std": 0.0, "min": 147.246634028438, "best_params": {}, "best_val_score": {"std": 0.0, "min": 147.55159116370592, "scores": [147.55159116370592], "mean": 147.55159116370592}, "scores": [147.246634028438], "mean": 147.246634028438}, "Ground Truth": {"std": 0.0, "min": 114.9797739544296, "best_params": {}, "best_val_score": {"std": 0.0, "min": 114.9797739544296, "scores": [114.9797739544296], "mean": 114.9797739544296}, "scores": [114.9797739544296], "mean": 114.9797739544296}, "T-Corex (W, L2, weighted samples)": {"std": 0.0, "min": 122.16836645676544, "best_params": {"max_iter": 500, "init": true, "l2": 1.0, "nv": 128, "anneal": true, "nt": 10, "n_hidden": 4, "gamma": 2.0, "reg_type": "W"}, "best_val_score": 121.62231732632588, "scores": [122.16836645676544], "mean": 122.16836645676544}, "Linear CorEx (applied bucket-wise)": {"std": 0.0, "min": 133.6041242346016, "best_params": {"anneal": true, "max_iter": 500, "n_hidden": 4}, "best_val_score": 132.88932564396626, "scores": [133.6041242346016], "mean": 133.6041242346016}, "Factor Analysis": {"std": 0.0, "min": 174.24843294578332, "best_params": {"n_components": 4}, "best_val_score": 173.96016294088983, "scores": [174.24843294578332], "mean": 174.24843294578332}, "Oracle approximating shrinkage": {"std": 0.0, "min": 146.4551832476334, "best_params": {}, "best_val_score": {"std": 0.0, "min": 146.8071270315177, "scores": [146.8071270315177], "mean": 146.8071270315177}, "scores": [146.4551832476334], "mean": 146.4551832476334}, "Diagonal": {"std": 0.0, "min": 188.19913295686803, "best_params": {}, "best_val_score": {"std": 0.0, "min": 191.8996318733711, "scores": [191.8996318733711], "mean": 191.8996318733711}, "scores": [188.19913295686803], "mean": 188.19913295686803}, "Linear CorEx (applied on whole data)": {"std": 0.0, "min": 134.76153808657492, "best_params": {"anneal": true, "max_iter": 500, "n_hidden": 4}, "best_val_score": 135.32149799911045, "scores": [134.76153808657492], "mean": 134.76153808657492}, "Graphical LASSO (sklearn)": {"std": 0.0, "min": 141.0228841928792, "best_params": {"alpha": 0.3, "max_iter": 100, "mode": "lars"}, "best_val_score": 141.42896972695104, "scores": [141.0228841928792], "mean": 141.0228841928792}, "T-GLASSO (no reg)": {"std": 0.0, "min": 143.8667579508429, "best_params": {"lamb": 0.1, "beta": 0.0, "max_iter": 10, "indexOfPenalty": 2}, "best_val_score": 143.98469906612132, "scores": [143.8667579508429], "mean": 143.8667579508429}, "PCA": {"std": 0.0, "min": 198.79932471986794, "best_params": {"n_components": 4}, "best_val_score": 199.02332073055612, "scores": [198.79932471986794], "mean": 198.79932471986794}, "T-GLASSO (L2)": {"std": 0.0, "min": 142.62025734988046, "best_params": {"lamb": 0.1, "beta": 1.0, "max_iter": 10, "indexOfPenalty": 2}, "best_val_score": 142.6695921391439, "scores": [142.62025734988046], "mean": 142.62025734988046}, "T-Corex (W, L2)": {"std": 0.0, "min": 133.0443529272474, "best_params": {"max_iter": 500, "l2": 1.0, "reg_type": "W", "anneal": true, "nt": 10, "n_hidden": 4, "nv": 128}, "best_val_score": 132.4253967282803, "scores": [133.0443529272474], "mean": 133.0443529272474}, "T-Corex (W, L1, weighted samples)": {"std": 0.0, "min": 122.00024505032869, "best_params": {"max_iter": 500, "init": true, "gamma": 2.0, "l1": 0.1, "anneal": true, "nt": 10, "n_hidden": 4, "nv": 128, "reg_type": "W"}, "best_val_score": 121.50325889240548, "scores": [122.00024505032869], "mean": 122.00024505032869}, "T-Corex (W, L1)": {"std": 0.0, "min": 131.4822918984314, "best_params": {"max_iter": 500, "reg_type": "W", "l1": 3.0, "anneal": true, "nt": 10, "n_hidden": 4, "nv": 128}, "best_val_score": 131.20351444391855, "scores": [131.4822918984314], "mean": 131.4822918984314}, "T-GLASSO (L1)": {"std": 0.0, "min": 126.29483880446784, "best_params": {"lamb": 0.1, "beta": 0.3, "max_iter": 100, "indexOfPenalty": 1}, "best_val_score": 125.6811893169286, "scores": [126.29483880446784], "mean": 126.29483880446784}}