{"Ledoit-Wolf": {"std": 0.0, "min": 126.12283780261956, "best_params": {}, "best_val_score": {"std": 0.0, "min": 127.27827594016051, "scores": [127.27827594016051], "mean": 127.27827594016051}, "scores": [126.12283780261956], "mean": 126.12283780261956}, "Ground Truth": {"std": 0.0, "min": 77.09639195546022, "best_params": {}, "best_val_score": {"std": 0.0, "min": 77.09639195546022, "scores": [77.09639195546022], "mean": 77.09639195546022}, "scores": [77.09639195546022], "mean": 77.09639195546022}, "T-Corex + priors (W, method 2)": {"std": 0.0, "min": 102.3667548323575, "best_params": {"lamb": 0.5, "max_iter": 500, "init": true, "reg_type": "W", "l1": 0.3, "anneal": true, "nt": 10, "n_hidden": 4, "nv": 128}, "best_val_score": 102.31148756839588, "scores": [102.3667548323575], "mean": 102.3667548323575}, "T-Corex (MI)": {"std": 0.0, "min": 139.20131778790483, "best_params": {"max_iter": 500, "reg_type": "MI", "l1": 0.01, "anneal": true, "nt": 10, "n_hidden": 4, "nv": 128}, "best_val_score": 135.01540214456776, "scores": [139.20131778790483], "mean": 139.20131778790483}, "T-Corex + priors (W, method 1)": {"std": 0.0, "min": 124.73462505084213, "best_params": {"lamb": 0.0, "max_iter": 500, "init": true, "reg_type": "W", "l1": 10.0, "anneal": true, "nt": 10, "n_hidden": 4, "nv": 128}, "best_val_score": 125.46814477170753, "scores": [124.73462505084213], "mean": 124.73462505084213}, "T-Corex (WWT)": {"std": 0.0, "min": 128.7225745333837, "best_params": {"max_iter": 500, "reg_type": "WWT", "l1": 0.3, "anneal": true, "nt": 10, "n_hidden": 4, "nv": 128}, "best_val_score": 128.21297519980322, "scores": [128.7225745333837], "mean": 128.7225745333837}, "Linear CorEx (applied bucket-wise)": {"std": 0.0, "min": 140.1404597490022, "best_params": {"anneal": true, "max_iter": 500, "n_hidden": 4}, "best_val_score": 140.29435595904388, "scores": [140.1404597490022], "mean": 140.1404597490022}, "Factor Analysis": {"std": 0.0, "min": 3186.0429492333296, "best_params": {"n_components": 4}, "best_val_score": 2792.216953157954, "scores": [3186.0429492333296], "mean": 3186.0429492333296}, "Oracle approximating shrinkage": {"std": 0.0, "min": 125.64012609865415, "best_params": {}, "best_val_score": {"std": 0.0, "min": 125.98615454085575, "scores": [125.98615454085575], "mean": 125.98615454085575}, "scores": [125.64012609865415], "mean": 125.64012609865415}, "Diagonal": {"std": 0.0, "min": 209.100327374497, "best_params": {}, "best_val_score": {"std": 0.0, "min": 203.78308369371868, "scores": [203.78308369371868], "mean": 203.78308369371868}, "scores": [209.100327374497], "mean": 209.100327374497}, "Linear CorEx (applied on whole data)": {"std": 0.0, "min": 134.72014630899457, "best_params": {"anneal": true, "max_iter": 500, "n_hidden": 4}, "best_val_score": 132.6765756845995, "scores": [134.72014630899457], "mean": 134.72014630899457}, "Graphical LASSO (sklearn)": {"std": 0.0, "min": 197.34265431920272, "best_params": {"alpha": 1, "max_iter": 100, "mode": "lars"}, "best_val_score": 193.5221005029263, "scores": [197.34265431920272], "mean": 197.34265431920272}, "T-Corex (W)": {"std": 0.0, "min": 125.04094620218805, "best_params": {"max_iter": 500, "reg_type": "W", "l1": 3.0, "anneal": true, "nt": 10, "n_hidden": 4, "nv": 128}, "best_val_score": 126.20666673076573, "scores": [125.04094620218805], "mean": 125.04094620218805}, "T-Corex (W, weighted samples)": {"std": 0.0, "min": 93.26698889434353, "best_params": {"max_iter": 500, "init": true, "gamma": 2.0, "l1": 0.3, "anneal": true, "nt": 10, "n_hidden": 4, "nv": 128, "reg_type": "W"}, "best_val_score": 93.00937300733503, "scores": [93.26698889434353], "mean": 93.26698889434353}, "T-GLASSO (no reg)": {"std": 0.0, "min": 122.2156012830252, "best_params": {"lamb": 0.03, "beta": 0.0, "max_iter": 30, "indexOfPenalty": 1}, "best_val_score": 121.79008917012088, "scores": [122.2156012830252], "mean": 122.2156012830252}, "PCA": {"std": 0.0, "min": 178.49341114345242, "best_params": {"n_components": 4}, "best_val_score": 178.34865660480946, "scores": [178.49341114345242], "mean": 178.49341114345242}, "T-Corex (W, weighted samples, no init)": {"std": 0.0, "min": 97.96227472443049, "best_params": {"max_iter": 500, "init": false, "gamma": 2.0, "l1": 3.0, "anneal": true, "nt": 10, "n_hidden": 4, "nv": 128, "reg_type": "W"}, "best_val_score": 96.97577401662373, "scores": [97.96227472443049], "mean": 97.96227472443049}, "T-GLASSO": {"std": 0.0, "min": 92.47675747785425, "best_params": {"lamb": 0.03, "beta": 0.3, "max_iter": 30, "indexOfPenalty": 1}, "best_val_score": 91.83871538879285, "scores": [92.47675747785425], "mean": 92.47675747785425}, "T-Corex (Sigma)": {"std": 0.0, "min": 129.54543658368226, "best_params": {"max_iter": 500, "reg_type": "Sigma", "l1": 0.03, "anneal": true, "nt": 10, "n_hidden": 4, "nv": 128}, "best_val_score": 131.6617614228919, "scores": [129.54543658368226], "mean": 129.54543658368226}, "T-Corex + priors (W, method 2, weighted samples)": {"std": 0.0, "min": 97.16166572049377, "best_params": {"lamb": 0.9, "max_iter": 500, "init": true, "nv": 128, "l1": 0.3, "anneal": true, "nt": 10, "n_hidden": 4, "gamma": 2.0, "reg_type": "W"}, "best_val_score": 93.06905906236997, "scores": [97.16166572049377], "mean": 97.16166572049377}, "T-GLASSO (more iters)": {"std": 0.0, "min": 88.86165844609107, "best_params": {"lamb": 0.03, "beta": 0.3, "max_iter": 100, "indexOfPenalty": 1}, "best_val_score": 87.88778821405364, "scores": [88.86165844609107], "mean": 88.86165844609107}, "T-GLASSO (more iters, no reg)": {"std": 0.0, "min": 128.56153344952818, "best_params": {"lamb": 0.1, "beta": 0.0, "max_iter": 100, "indexOfPenalty": 1}, "best_val_score": 128.34401514856884, "scores": [128.56153344952818], "mean": 128.56153344952818}}