{"Ledoit-Wolf": {"std": 0.0, "min": 179.50792379442663, "best_params": {}, "best_val_score": {"std": 0.0, "min": 179.23796050642312, "scores": [179.23796050642312], "mean": 179.23796050642312}, "scores": [179.50792379442663], "mean": 179.50792379442663}, "Ground Truth": {"std": 0.0, "min": 145.9852710318932, "best_params": {}, "best_val_score": {"std": 0.0, "min": 145.9852710318932, "scores": [145.9852710318932], "mean": 145.9852710318932}, "scores": [145.9852710318932], "mean": 145.9852710318932}, "T-Corex (W, L2, weighted samples)": {"std": 0.0, "min": 161.30986157785236, "best_params": {"max_iter": 500, "init": true, "l2": 10.0, "nv": 128, "anneal": true, "nt": 10, "n_hidden": 32, "gamma": 1.25, "reg_type": "W"}, "best_val_score": 160.6787302715757, "scores": [161.30986157785236], "mean": 161.30986157785236}, "Linear CorEx (applied bucket-wise)": {"std": 0.0, "min": 183.7708298912242, "best_params": {"anneal": true, "max_iter": 500, "n_hidden": 32}, "best_val_score": 183.1774479014222, "scores": [183.7708298912242], "mean": 183.7708298912242}, "Factor Analysis": {"std": NaN, "min": Infinity, "best_params": {"n_components": 32}, "best_val_score": 1e+18, "scores": [Infinity], "mean": Infinity}, "Oracle approximating shrinkage": {"std": 0.0, "min": 178.86024934517394, "best_params": {}, "best_val_score": {"std": 0.0, "min": 178.66165055302218, "scores": [178.66165055302218], "mean": 178.66165055302218}, "scores": [178.86024934517394], "mean": 178.86024934517394}, "Diagonal": {"std": 0.0, "min": 187.89330565741008, "best_params": {}, "best_val_score": {"std": 0.0, "min": 187.84163834728727, "scores": [187.84163834728727], "mean": 187.84163834728727}, "scores": [187.89330565741008], "mean": 187.89330565741008}, "Linear CorEx (applied on whole data)": {"std": 0.0, "min": 164.90311747075992, "best_params": {"anneal": true, "max_iter": 500, "n_hidden": 32}, "best_val_score": 164.27387849801735, "scores": [164.90311747075992], "mean": 164.90311747075992}, "Graphical LASSO (sklearn)": {"std": 0.0, "min": 174.6761898487595, "best_params": {"alpha": 0.3, "max_iter": 100, "mode": "lars"}, "best_val_score": 174.05891032683311, "scores": [174.6761898487595], "mean": 174.6761898487595}, "T-GLASSO (no reg)": {"std": 0.0, "min": 174.55981343564562, "best_params": {"lamb": 0.1, "beta": 0.0, "max_iter": 10, "indexOfPenalty": 2}, "best_val_score": 174.05940474862638, "scores": [174.55981343564562], "mean": 174.55981343564562}, "PCA": {"std": NaN, "min": Infinity, "best_params": {"n_components": 32}, "best_val_score": 1e+18, "scores": [Infinity], "mean": Infinity}, "T-GLASSO (L2)": {"std": 0.0, "min": 171.73562657197112, "best_params": {"lamb": 0.1, "beta": 1.0, "max_iter": 10, "indexOfPenalty": 2}, "best_val_score": 171.3224033047324, "scores": [171.73562657197112], "mean": 171.73562657197112}, "T-Corex (W, L2)": {"std": 0.0, "min": 186.1283571345633, "best_params": {"max_iter": 500, "l2": 0.3, "reg_type": "W", "anneal": true, "nt": 10, "n_hidden": 32, "nv": 128}, "best_val_score": 185.27872142111968, "scores": [186.1283571345633], "mean": 186.1283571345633}, "T-Corex (W, L1, weighted samples)": {"std": 0.0, "min": 161.68029283515892, "best_params": {"max_iter": 500, "init": true, "gamma": 2.0, "l1": 0.3, "anneal": true, "nt": 10, "n_hidden": 32, "nv": 128, "reg_type": "W"}, "best_val_score": 161.26452210599223, "scores": [161.68029283515892], "mean": 161.68029283515892}, "T-Corex (W, L1)": {"std": 0.0, "min": 186.11936895123637, "best_params": {"max_iter": 500, "reg_type": "W", "l1": 0.03, "anneal": true, "nt": 10, "n_hidden": 32, "nv": 128}, "best_val_score": 185.66937232720727, "scores": [186.11936895123637], "mean": 186.11936895123637}, "T-GLASSO (L1)": {"std": 0.0, "min": 158.66029998184064, "best_params": {"lamb": 0.1, "beta": 0.3, "max_iter": 100, "indexOfPenalty": 1}, "best_val_score": 157.9673056257348, "scores": [158.66029998184064], "mean": 158.66029998184064}}