{"Ledoit-Wolf": {"std": 0.0, "min": 144.28752914092973, "best_params": {}, "best_val_score": {"std": 0.0, "min": 145.29409292867064, "scores": [145.29409292867064], "mean": 145.29409292867064}, "scores": [144.28752914092973], "mean": 144.28752914092973}, "Ground Truth": {"std": 0.0, "min": 114.76896976545, "best_params": {}, "best_val_score": {"std": 0.0, "min": 114.76896976545, "scores": [114.76896976545], "mean": 114.76896976545}, "scores": [114.76896976545], "mean": 114.76896976545}, "T-Corex (W, weighted samples)": {"std": 0.0, "min": 117.73409938237428, "best_params": {"max_iter": 500, "init": true, "l2": 0.1, "nv": 128, "anneal": true, "nt": 10, "n_hidden": 4, "gamma": 2.5, "reg_type": "W"}, "best_val_score": 117.86634099706748, "scores": [117.73409938237428], "mean": 117.73409938237428}, "Linear CorEx (applied bucket-wise)": {"std": 0.0, "min": 118.1603412515108, "best_params": {"anneal": true, "max_iter": 500, "n_hidden": 4}, "best_val_score": 118.30085841928187, "scores": [118.1603412515108], "mean": 118.1603412515108}, "Factor Analysis": {"std": 0.0, "min": 121.11618340363779, "best_params": {"n_components": 4}, "best_val_score": 121.19490912122274, "scores": [121.11618340363779], "mean": 121.11618340363779}, "Oracle approximating shrinkage": {"std": 0.0, "min": 143.3877114545739, "best_params": {}, "best_val_score": {"std": 0.0, "min": 144.39335273727664, "scores": [144.39335273727664], "mean": 144.39335273727664}, "scores": [143.3877114545739], "mean": 143.3877114545739}, "Diagonal": {"std": 0.0, "min": 182.58627630249492, "best_params": {}, "best_val_score": {"std": 0.0, "min": 183.37707091836722, "scores": [183.37707091836722], "mean": 183.37707091836722}, "scores": [182.58627630249492], "mean": 182.58627630249492}, "Linear CorEx (applied on whole data)": {"std": 0.0, "min": 132.96405459609045, "best_params": {"anneal": true, "max_iter": 500, "n_hidden": 4}, "best_val_score": 133.41720780095312, "scores": [132.96405459609045], "mean": 132.96405459609045}, "Graphical LASSO (sklearn)": {"std": 0.0, "min": 131.44599436274714, "best_params": {"alpha": 0.3, "max_iter": 100, "mode": "lars"}, "best_val_score": 131.7459453839654, "scores": [131.44599436274714], "mean": 131.44599436274714}, "T-GLASSO (no reg)": {"std": 0.0, "min": 133.4046883002548, "best_params": {"lamb": 0.03, "beta": 0.0, "max_iter": 10, "indexOfPenalty": 2}, "best_val_score": 133.65814476070034, "scores": [133.4046883002548], "mean": 133.4046883002548}, "PCA": {"std": 0.0, "min": 140.30995215135687, "best_params": {"n_components": 4}, "best_val_score": 140.3179031871021, "scores": [140.30995215135687], "mean": 140.30995215135687}, "T-GLASSO": {"std": 0.0, "min": 132.5071501865506, "best_params": {"lamb": 0.03, "beta": 1.0, "max_iter": 10, "indexOfPenalty": 2}, "best_val_score": 132.75006573011362, "scores": [132.5071501865506], "mean": 132.5071501865506}, "T-Corex (W)": {"std": 0.0, "min": 118.27318333945857, "best_params": {"max_iter": 500, "l2": 0.001, "reg_type": "W", "anneal": true, "nt": 10, "n_hidden": 4, "nv": 128}, "best_val_score": 118.41833846278095, "scores": [118.27318333945857], "mean": 118.27318333945857}, "T-Corex (W, L1, weighted samples)": {"std": 0.0, "min": 117.84679880978494, "best_params": {"max_iter": 500, "init": true, "gamma": 2.5, "l1": 0.1, "anneal": true, "nt": 10, "n_hidden": 4, "nv": 128, "reg_type": "W"}, "best_val_score": 118.0669161122408, "scores": [117.84679880978494], "mean": 117.84679880978494}, "T-Corex (W, L1)": {"std": 0.0, "min": 118.21436079813967, "best_params": {"max_iter": 500, "reg_type": "W", "l1": 0.3, "anneal": true, "nt": 10, "n_hidden": 4, "nv": 128}, "best_val_score": 118.32703505206332, "scores": [118.21436079813967], "mean": 118.21436079813967}, "T-GLASSO (L1)": {"std": 0.0, "min": 120.3943835782225, "best_params": {"lamb": 0.03, "beta": 0.1, "max_iter": 100, "indexOfPenalty": 1}, "best_val_score": 120.86221002246752, "scores": [120.3943835782225], "mean": 120.3943835782225}}