{"T-Corex + priors (W, method 2, weighted samples)": {"std": 0.0, "min": 86.80352100481198, "best_params": {"lamb": 0.5, "max_iter": 500, "init": true, "nv": 128, "l1": 0.1, "anneal": true, "nt": 10, "n_hidden": 8, "gamma": 100000.0, "reg_type": "W"}, "best_val_score": 86.7954848770755, "scores": [86.80352100481198], "mean": 86.80352100481198}, "Ledoit-Wolf": {"std": 0.0, "min": 99.74052048767035, "best_params": {}, "best_val_score": {"std": 0.0, "min": 99.8209470542545, "scores": [99.8209470542545], "mean": 99.8209470542545}, "scores": [99.74052048767035], "mean": 99.74052048767035}, "Ground Truth": {"std": 0.0, "min": 84.41453047792072, "best_params": {}, "best_val_score": {"std": 0.0, "min": 84.41453047792072, "scores": [84.41453047792072], "mean": 84.41453047792072}, "scores": [84.41453047792072], "mean": 84.41453047792072}, "T-Corex + priors (W, method 2)": {"std": 0.0, "min": 86.85675194140389, "best_params": {"lamb": 0.0, "max_iter": 500, "init": true, "reg_type": "W", "l1": 0.1, "anneal": true, "nt": 10, "n_hidden": 8, "nv": 128}, "best_val_score": 86.83398993470789, "scores": [86.85675194140389], "mean": 86.85675194140389}, "T-Corex (MI)": {"std": 0.0, "min": 86.81597251748872, "best_params": {"max_iter": 500, "reg_type": "MI", "l1": 0.3, "anneal": true, "nt": 10, "n_hidden": 8, "nv": 128}, "best_val_score": 86.80873350059136, "scores": [86.81597251748872], "mean": 86.81597251748872}, "T-Corex + priors (W, method 1)": {"std": 0.0, "min": 86.88508400025815, "best_params": {"lamb": 0.0, "max_iter": 500, "init": true, "reg_type": "W", "l1": 0.1, "anneal": true, "nt": 10, "n_hidden": 8, "nv": 128}, "best_val_score": 86.89397876776181, "scores": [86.88508400025815], "mean": 86.88508400025815}, "T-Corex (WWT)": {"std": 0.0, "min": 86.91940034544594, "best_params": {"max_iter": 500, "reg_type": "WWT", "l1": 0.003, "anneal": true, "nt": 10, "n_hidden": 8, "nv": 128}, "best_val_score": 86.93725803359249, "scores": [86.91940034544594], "mean": 86.91940034544594}, "Linear CorEx (applied bucket-wise)": {"std": 0.0, "min": 86.86833325915909, "best_params": {"anneal": true, "max_iter": 500, "n_hidden": 8}, "best_val_score": 86.95196076209099, "scores": [86.86833325915909], "mean": 86.86833325915909}, "Factor Analysis": {"std": 0.0, "min": 97.14235547008606, "best_params": {"n_components": 8}, "best_val_score": 96.95358958889226, "scores": [97.14235547008606], "mean": 97.14235547008606}, "Oracle approximating shrinkage": {"std": 0.0, "min": 99.74356342426096, "best_params": {}, "best_val_score": {"std": 0.0, "min": 99.82767156934335, "scores": [99.82767156934335], "mean": 99.82767156934335}, "scores": [99.74356342426096], "mean": 99.74356342426096}, "Diagonal": {"std": 0.0, "min": 183.08534288279193, "best_params": {}, "best_val_score": {"std": 0.0, "min": 182.5532202945054, "scores": [182.5532202945054], "mean": 182.5532202945054}, "scores": [183.08534288279193], "mean": 183.08534288279193}, "Linear CorEx (applied on whole data)": {"std": 0.0, "min": 129.7533496466936, "best_params": {"anneal": true, "max_iter": 500, "n_hidden": 8}, "best_val_score": 127.43230932807437, "scores": [129.7533496466936], "mean": 129.7533496466936}, "Graphical LASSO (sklearn)": {"std": 0.0, "min": 91.83224768573143, "best_params": {"alpha": 0.1, "max_iter": 100, "mode": "lars"}, "best_val_score": 91.60812511574532, "scores": [91.83224768573143], "mean": 91.83224768573143}, "T-Corex (W)": {"std": 0.0, "min": 87.62014352210325, "best_params": {"max_iter": 500, "reg_type": "W", "l1": 0.001, "anneal": true, "nt": 10, "n_hidden": 8, "nv": 128}, "best_val_score": 86.94434433725198, "scores": [87.62014352210325], "mean": 87.62014352210325}, "T-Corex (W, weighted samples)": {"std": 0.0, "min": 86.82960908792107, "best_params": {"max_iter": 500, "init": true, "gamma": 100000.0, "l1": 0.1, "anneal": true, "nt": 10, "n_hidden": 8, "nv": 128, "reg_type": "W"}, "best_val_score": 86.824244373156, "scores": [86.82960908792107], "mean": 86.82960908792107}, "T-GLASSO (no reg)": {"std": 0.0, "min": 96.75199937732482, "best_params": {"lamb": 0.03, "beta": 0.0, "max_iter": 30, "indexOfPenalty": 1}, "best_val_score": 96.52646235088496, "scores": [96.75199937732482], "mean": 96.75199937732482}, "PCA": {"std": 0.0, "min": 98.46866014114553, "best_params": {"n_components": 8}, "best_val_score": 98.35769250789293, "scores": [98.46866014114553], "mean": 98.46866014114553}, "T-Corex (W, weighted samples, no init)": {"std": 0.0, "min": 89.34871577447942, "best_params": {"max_iter": 500, "init": false, "gamma": 100000.0, "l1": 0, "anneal": true, "nt": 10, "n_hidden": 8, "nv": 128, "reg_type": "W"}, "best_val_score": 87.0315463350337, "scores": [89.34871577447942], "mean": 89.34871577447942}, "T-GLASSO": {"std": 0.0, "min": 93.59607186129162, "best_params": {"lamb": 0.01, "beta": 0.1, "max_iter": 30, "indexOfPenalty": 1}, "best_val_score": 93.50940974816277, "scores": [93.59607186129162], "mean": 93.59607186129162}, "T-Corex (Sigma)": {"std": 0.0, "min": 86.86827411475056, "best_params": {"max_iter": 500, "reg_type": "Sigma", "l1": 0.03, "anneal": true, "nt": 10, "n_hidden": 8, "nv": 128}, "best_val_score": 86.9223590734022, "scores": [86.86827411475056], "mean": 86.86827411475056}}