{"Ledoit-Wolf": {"std": 0.0, "min": 165.31429704886267, "best_params": {}, "best_val_score": {"std": 0.0, "min": 164.5707509304606, "scores": [164.5707509304606], "mean": 164.5707509304606}, "scores": [165.31429704886267], "mean": 165.31429704886267}, "Ground Truth": {"std": 0.0, "min": 115.44747920408663, "best_params": {}, "best_val_score": {"std": 0.0, "min": 115.44747920408663, "scores": [115.44747920408663], "mean": 115.44747920408663}, "scores": [115.44747920408663], "mean": 115.44747920408663}, "T-Corex + priors (W, method 2)": {"std": 0.0, "min": 134.24335695609523, "best_params": {"lamb": 0.0, "max_iter": 500, "init": true, "reg_type": "W", "l1": 0.03, "anneal": true, "nt": 10, "n_hidden": 32, "nv": 128}, "best_val_score": 133.49694197923463, "scores": [134.24335695609523], "mean": 134.24335695609523}, "T-Corex (MI)": {"std": 0.0, "min": 149.02248323259226, "best_params": {"max_iter": 500, "reg_type": "MI", "l1": 0, "anneal": true, "nt": 10, "n_hidden": 32, "nv": 128}, "best_val_score": 148.2341186711627, "scores": [149.02248323259226], "mean": 149.02248323259226}, "T-Corex + priors (W, method 1)": {"std": 0.0, "min": 133.33154693791678, "best_params": {"lamb": 0.0, "max_iter": 500, "init": true, "reg_type": "W", "l1": 0.01, "anneal": true, "nt": 10, "n_hidden": 32, "nv": 128}, "best_val_score": 134.11439824538277, "scores": [133.33154693791678], "mean": 133.33154693791678}, "T-Corex (WWT)": {"std": 0.0, "min": 148.1765863970982, "best_params": {"max_iter": 500, "reg_type": "WWT", "l1": 0, "anneal": true, "nt": 10, "n_hidden": 32, "nv": 128}, "best_val_score": 148.09654027159485, "scores": [148.1765863970982], "mean": 148.1765863970982}, "Linear CorEx (applied bucket-wise)": {"std": 0.0, "min": 136.6839664997318, "best_params": {"anneal": true, "max_iter": 500, "n_hidden": 32}, "best_val_score": 136.62067471331096, "scores": [136.6839664997318], "mean": 136.6839664997318}, "Factor Analysis": {"std": NaN, "min": Infinity, "best_params": {"n_components": 32}, "best_val_score": 1e+18, "scores": [Infinity], "mean": Infinity}, "Oracle approximating shrinkage": {"std": 0.0, "min": 165.6774701534461, "best_params": {}, "best_val_score": {"std": 0.0, "min": 164.95816449469228, "scores": [164.95816449469228], "mean": 164.95816449469228}, "scores": [165.6774701534461], "mean": 165.6774701534461}, "Diagonal": {"std": 0.0, "min": 183.98433644486437, "best_params": {}, "best_val_score": {"std": 0.0, "min": 183.63999334073762, "scores": [183.63999334073762], "mean": 183.63999334073762}, "scores": [183.98433644486437], "mean": 183.98433644486437}, "Linear CorEx (applied on whole data)": {"std": 0.0, "min": 148.27909447830933, "best_params": {"anneal": true, "max_iter": 500, "n_hidden": 32}, "best_val_score": 147.84204903350076, "scores": [148.27909447830933], "mean": 148.27909447830933}, "Graphical LASSO (sklearn)": {"std": 0.0, "min": 139.21197919346608, "best_params": {"alpha": 0.1, "max_iter": 100, "mode": "lars"}, "best_val_score": 138.6583580951711, "scores": [139.21197919346608], "mean": 139.21197919346608}, "T-Corex (W)": {"std": 0.0, "min": 148.84035428847136, "best_params": {"max_iter": 500, "reg_type": "W", "l1": 0, "anneal": true, "nt": 10, "n_hidden": 32, "nv": 128}, "best_val_score": 148.79630064978818, "scores": [148.84035428847136], "mean": 148.84035428847136}, "T-Corex (W, weighted samples)": {"std": 0.0, "min": 128.09971163402878, "best_params": {"max_iter": 500, "init": true, "gamma": 2.5, "l1": 0.3, "anneal": true, "nt": 10, "n_hidden": 32, "nv": 128, "reg_type": "W"}, "best_val_score": 126.64109725684958, "scores": [128.09971163402878], "mean": 128.09971163402878}, "T-GLASSO (no reg)": {"std": 0.0, "min": 140.04153423842777, "best_params": {"lamb": 0.1, "beta": 0.0, "max_iter": 30, "indexOfPenalty": 1}, "best_val_score": 139.5558497672545, "scores": [140.04153423842777], "mean": 140.04153423842777}, "PCA": {"std": NaN, "min": Infinity, "best_params": {"n_components": 32}, "best_val_score": 1e+18, "scores": [Infinity], "mean": Infinity}, "T-Corex (W, weighted samples, no init)": {"std": 0.0, "min": 136.61612744199368, "best_params": {"max_iter": 500, "init": false, "gamma": 100000.0, "l1": 0.03, "anneal": true, "nt": 10, "n_hidden": 32, "nv": 128, "reg_type": "W"}, "best_val_score": 134.91815089033562, "scores": [136.61612744199368], "mean": 136.61612744199368}, "T-GLASSO": {"std": 0.0, "min": 126.6564497390176, "best_params": {"lamb": 0.03, "beta": 0.3, "max_iter": 30, "indexOfPenalty": 1}, "best_val_score": 126.43929399511323, "scores": [126.6564497390176], "mean": 126.6564497390176}, "T-Corex (Sigma)": {"std": 0.0, "min": 150.29026651695872, "best_params": {"max_iter": 500, "reg_type": "Sigma", "l1": 0, "anneal": true, "nt": 10, "n_hidden": 32, "nv": 128}, "best_val_score": 149.22152476841597, "scores": [150.29026651695872], "mean": 150.29026651695872}, "T-Corex + priors (W, method 2, weighted samples)": {"std": 0.0, "min": 129.11822810142857, "best_params": {"lamb": 0.99, "max_iter": 500, "init": true, "nv": 128, "l1": 0.1, "anneal": true, "nt": 10, "n_hidden": 32, "gamma": 2.5, "reg_type": "W"}, "best_val_score": 126.92153471945548, "scores": [129.11822810142857], "mean": 129.11822810142857}}