{"Ledoit-Wolf": {"std": 0.0, "min": 175.74491965109425, "best_params": {}, "best_val_score": {"std": 0.0, "min": 174.61752317166346, "scores": [174.61752317166346], "mean": 174.61752317166346}, "scores": [175.74491965109425], "mean": 175.74491965109425}, "Ground Truth": {"std": 0.0, "min": 145.71766386436292, "best_params": {}, "best_val_score": {"std": 0.0, "min": 145.71766386436292, "scores": [145.71766386436292], "mean": 145.71766386436292}, "scores": [145.71766386436292], "mean": 145.71766386436292}, "T-Corex (W, L2, weighted samples)": {"std": 0.0, "min": 155.78000740612265, "best_params": {"max_iter": 500, "init": true, "l2": 3.0, "nv": 128, "anneal": true, "nt": 10, "n_hidden": 32, "gamma": 2.0, "reg_type": "W"}, "best_val_score": 155.20165674794072, "scores": [155.78000740612265], "mean": 155.78000740612265}, "Linear CorEx (applied bucket-wise)": {"std": 0.0, "min": 167.73480703774314, "best_params": {"anneal": true, "max_iter": 500, "n_hidden": 32}, "best_val_score": 167.21268401866675, "scores": [167.73480703774314], "mean": 167.73480703774314}, "Factor Analysis": {"std": NaN, "min": Infinity, "best_params": {"n_components": 32}, "best_val_score": 1e+18, "scores": [Infinity], "mean": Infinity}, "Oracle approximating shrinkage": {"std": 0.0, "min": 175.71767344295807, "best_params": {}, "best_val_score": {"std": 0.0, "min": 174.62953509517556, "scores": [174.62953509517556], "mean": 174.62953509517556}, "scores": [175.71767344295807], "mean": 175.71767344295807}, "Diagonal": {"std": 0.0, "min": 183.65299201859474, "best_params": {}, "best_val_score": {"std": 0.0, "min": 182.85287652216599, "scores": [182.85287652216599], "mean": 182.85287652216599}, "scores": [183.65299201859474], "mean": 183.65299201859474}, "Linear CorEx (applied on whole data)": {"std": 0.0, "min": 162.62872981512456, "best_params": {"anneal": true, "max_iter": 500, "n_hidden": 32}, "best_val_score": 161.50360249730085, "scores": [162.62872981512456], "mean": 162.62872981512456}, "Graphical LASSO (sklearn)": {"std": 0.0, "min": 161.37392356622783, "best_params": {"alpha": 0.3, "max_iter": 100, "mode": "lars"}, "best_val_score": 161.00186328889404, "scores": [161.37392356622783], "mean": 161.37392356622783}, "T-GLASSO (no reg)": {"std": 0.0, "min": 165.43891365581246, "best_params": {"lamb": 0.1, "beta": 0.0, "max_iter": 10, "indexOfPenalty": 2}, "best_val_score": 164.92844280529215, "scores": [165.43891365581246], "mean": 165.43891365581246}, "PCA": {"std": NaN, "min": Infinity, "best_params": {"n_components": 32}, "best_val_score": 1e+18, "scores": [Infinity], "mean": Infinity}, "T-GLASSO (L2)": {"std": 0.0, "min": 164.15399370378358, "best_params": {"lamb": 0.1, "beta": 1.0, "max_iter": 10, "indexOfPenalty": 2}, "best_val_score": 163.68108638372536, "scores": [164.15399370378358], "mean": 164.15399370378358}, "T-Corex (W, L2)": {"std": 0.0, "min": 170.82935185945126, "best_params": {"max_iter": 500, "l2": 0.001, "reg_type": "W", "anneal": true, "nt": 10, "n_hidden": 32, "nv": 128}, "best_val_score": 169.75617020704075, "scores": [170.82935185945126], "mean": 170.82935185945126}, "T-Corex (W, L1, weighted samples)": {"std": 0.0, "min": 154.83918529602224, "best_params": {"max_iter": 500, "init": true, "gamma": 1.5, "l1": 0.3, "anneal": true, "nt": 10, "n_hidden": 32, "nv": 128, "reg_type": "W"}, "best_val_score": 154.2600011156039, "scores": [154.83918529602224], "mean": 154.83918529602224}, "T-Corex (W, L1)": {"std": 0.0, "min": 169.97474027475863, "best_params": {"max_iter": 500, "reg_type": "W", "l1": 0, "anneal": true, "nt": 10, "n_hidden": 32, "nv": 128}, "best_val_score": 169.1911975794522, "scores": [169.97474027475863], "mean": 169.97474027475863}, "T-GLASSO (L1)": {"std": 0.0, "min": 154.491648967618, "best_params": {"lamb": 0.1, "beta": 0.3, "max_iter": 100, "indexOfPenalty": 1}, "best_val_score": 154.13669331275534, "scores": [154.491648967618], "mean": 154.491648967618}}