{"Ledoit-Wolf": {"std": 0.0, "best_params": {}, "min": 94.3657856918811, "scores": [94.3657856918811], "mean": 94.3657856918811}, "Ground Truth": {"std": 0.0, "best_params": {}, "min": 76.89792893048097, "scores": [76.89792893048097], "mean": 76.89792893048097}, "Linear CorEx": {"std": 0.0, "best_params": {"anneal": true, "max_iter": 500, "n_hidden": 4}, "min": 82.42805289056167, "scores": [82.42805289056167], "mean": 82.42805289056167}, "Graphical LASSO": {"std": 0.0, "best_params": {"alpha": 0.3, "max_iter": 100, "mode": "lars"}, "min": 102.20174236692668, "scores": [102.20174236692668], "mean": 102.20174236692668}, "Time-Varying GLASSO (no reg)": {"std": 0.0, "best_params": {"lamb": 0.03, "beta": 0.0, "max_iter": 30, "indexOfPenalty": 1}, "min": 91.54076836290787, "scores": [91.54076836290787], "mean": 91.54076836290787}, "Time-Varying Linear CorEx (Sigma)": {"std": 0.0, "best_params": {"max_iter": 500, "l2": 0, "l1": 0.03, "anneal": true, "nt": 10, "n_hidden": 4, "nv": 128}, "min": 82.01811148122677, "scores": [82.01811148122677], "mean": 82.01811148122677}, "Factor Analysis": {"std": 0.0, "best_params": {"n_components": 4}, "min": 94.08557823894725, "scores": [94.08557823894725], "mean": 94.08557823894725}, "Oracle approximating shrinkage": {"std": 0.0, "best_params": {}, "min": 93.99061120007478, "scores": [93.99061120007478], "mean": 93.99061120007478}, "Diagonal": {"std": 0.0, "best_params": {}, "min": 185.6312512190548, "scores": [185.6312512190548], "mean": 185.6312512190548}, "Time-Varying Linear CorEx (WWT)": {"std": 0.0, "best_params": {"max_iter": 500, "l2": 0, "l1": 0.3, "anneal": true, "nt": 10, "n_hidden": 4, "nv": 128}, "min": 81.89487427522926, "scores": [81.89487427522926], "mean": 81.89487427522926}, "Time-Varying Linear CorEx (W)": {"std": 0.0, "best_params": {"max_iter": 500, "l2": 0, "l1": 0.3, "anneal": true, "nt": 10, "n_hidden": 4, "nv": 128}, "min": 82.0093322415283, "scores": [82.0093322415283], "mean": 82.0093322415283}, "Time-Varying GLASSO": {"std": 0.0, "best_params": {"lamb": 0.01, "beta": 0.1, "max_iter": 30, "indexOfPenalty": 1}, "min": 87.3800439016034, "scores": [87.3800439016034], "mean": 87.3800439016034}, "PCA": {"std": 0.0, "best_params": {"n_components": 4}, "min": 116.31087313325474, "scores": [116.31087313325474], "mean": 116.31087313325474}, "Time-Varying Linear CorEx with Priors (W, method 1)": {"std": 0.0, "best_params": {"max_iter": 500, "l2": 0, "l1": 10.0, "anneal": true, "nt": 10, "n_hidden": 4, "nv": 128, "lambda": 0.0}, "min": 82.200367825391, "scores": [82.200367825391], "mean": 82.200367825391}, "Time-Varying Linear CorEx with Priors (W, method 2)": {"std": 0.0, "min": 82.14266370211338, "best_params": {"max_iter": 500, "l2": 0, "l1": 10.0, "anneal": true, "nt": 10, "n_hidden": 4, "nv": 128, "lambda": 0.0}, "best_val_score": 82.26731382354096, "scores": [82.14266370211338], "mean": 82.14266370211338}, "Time-Varying Linear CorEx with Priors (W, weights only)": {"std": 0.0, "min": 82.2122883680986, "best_params": {"max_iter": 500, "l2": 0, "gamma": 100000.0, "l1": 10.0, "anneal": true, "nt": 10, "n_hidden": 4, "nv": 128}, "best_val_score": 82.18465814219566, "scores": [82.2122883680986], "mean": 82.2122883680986}, "Time-Varying Linear CorEx with Priors (W, weights)": {"std": 0.0, "min": 82.32960878817006, "best_params": {"max_iter": 500, "l2": 0, "gamma": 2.5, "l1": 1.0, "anneal": true, "nt": 10, "n_hidden": 4, "nv": 128, "lambda": 0.0}, "best_val_score": 82.03645709346199, "scores": [82.32960878817006], "mean": 82.32960878817006}}