{"Ledoit-Wolf": {"std": 0.0, "min": 162.78059766160746, "best_params": {}, "best_val_score": {"std": 0.0, "min": 159.89658408610006, "scores": [159.89658408610006], "mean": 159.89658408610006}, "scores": [162.78059766160746], "mean": 162.78059766160746}, "Ground Truth": {"std": 0.0, "min": 114.88040751931825, "best_params": {}, "best_val_score": {"std": 0.0, "min": 114.88040751931825, "scores": [114.88040751931825], "mean": 114.88040751931825}, "scores": [114.88040751931825], "mean": 114.88040751931825}, "T-Corex (W, weighted samples)": {"std": 0.0, "min": 127.38609263487228, "best_params": {"max_iter": 500, "init": true, "l2": 10.0, "nv": 128, "anneal": true, "nt": 10, "n_hidden": 4, "gamma": 1.5, "reg_type": "W"}, "best_val_score": 126.64348532549934, "scores": [127.38609263487228], "mean": 127.38609263487228}, "Linear CorEx (applied bucket-wise)": {"std": 0.0, "min": 196.88504441924593, "best_params": {"anneal": true, "max_iter": 500, "n_hidden": 4}, "best_val_score": 196.96129192733542, "scores": [196.88504441924593], "mean": 196.88504441924593}, "Factor Analysis": {"std": 0.0, "min": 2376.760507979429, "best_params": {"n_components": 4}, "best_val_score": 2402.883339556943, "scores": [2376.760507979429], "mean": 2376.760507979429}, "Oracle approximating shrinkage": {"std": 0.0, "min": 159.08333298691213, "best_params": {}, "best_val_score": {"std": 0.0, "min": 156.70803131888385, "scores": [156.70803131888385], "mean": 156.70803131888385}, "scores": [159.08333298691213], "mean": 159.08333298691213}, "Diagonal": {"std": 0.0, "min": 202.25189690414183, "best_params": {}, "best_val_score": {"std": 0.0, "min": 198.71857724776993, "scores": [198.71857724776993], "mean": 198.71857724776993}, "scores": [202.25189690414183], "mean": 202.25189690414183}, "Linear CorEx (applied on whole data)": {"std": 0.0, "min": 136.88163865513272, "best_params": {"anneal": true, "max_iter": 500, "n_hidden": 4}, "best_val_score": 135.85684354962163, "scores": [136.88163865513272], "mean": 136.88163865513272}, "Graphical LASSO (sklearn)": {"std": 0.0, "min": 194.63089648395447, "best_params": {"alpha": 1, "max_iter": 100, "mode": "lars"}, "best_val_score": 191.75977496610747, "scores": [194.63089648395447], "mean": 194.63089648395447}, "T-GLASSO (no reg)": {"std": 0.0, "min": 158.93339312942445, "best_params": {"lamb": 0.1, "beta": 0.0, "max_iter": 10, "indexOfPenalty": 2}, "best_val_score": 156.86334620931927, "scores": [158.93339312942445], "mean": 158.93339312942445}, "PCA": {"std": 0.0, "min": 222.62386168489783, "best_params": {"n_components": 4}, "best_val_score": 222.16382739413478, "scores": [222.62386168489783], "mean": 222.62386168489783}, "T-GLASSO": {"std": 0.0, "min": 156.45874922024245, "best_params": {"lamb": 0.1, "beta": 1.0, "max_iter": 10, "indexOfPenalty": 2}, "best_val_score": 154.50433360764328, "scores": [156.45874922024245], "mean": 156.45874922024245}, "T-Corex (W)": {"std": 0.0, "min": 184.39322476988218, "best_params": {"max_iter": 500, "l2": 3.0, "reg_type": "W", "anneal": true, "nt": 10, "n_hidden": 4, "nv": 128}, "best_val_score": 180.9800492387161, "scores": [184.39322476988218], "mean": 184.39322476988218}, "T-Corex (W, L1, weighted samples)": {"std": 0.0, "min": 127.40457905030193, "best_params": {"max_iter": 500, "init": true, "gamma": 1.5, "l1": 1.0, "anneal": true, "nt": 10, "n_hidden": 4, "nv": 128, "reg_type": "W"}, "best_val_score": 126.47813599502383, "scores": [127.40457905030193], "mean": 127.40457905030193}, "T-Corex (W, L1)": {"std": 0.0, "min": 182.02866828406522, "best_params": {"max_iter": 500, "reg_type": "W", "l1": 3.0, "anneal": true, "nt": 10, "n_hidden": 4, "nv": 128}, "best_val_score": 178.82955022372195, "scores": [182.02866828406522], "mean": 182.02866828406522}, "T-GLASSO (L1)": {"std": 0.0, "min": 130.75348898511592, "best_params": {"lamb": 0.1, "beta": 3.0, "max_iter": 100, "indexOfPenalty": 1}, "best_val_score": 129.9860624749968, "scores": [130.75348898511592], "mean": 130.75348898511592}}