{"T-Corex + priors (W, method 2, weighted samples)": {"std": 0.0, "min": 118.50367360658672, "best_params": {"lamb": 0.99, "max_iter": 500, "init": true, "nv": 128, "l1": 0.03, "anneal": true, "nt": 10, "n_hidden": 32, "gamma": 100000.0, "reg_type": "W"}, "best_val_score": 118.34070820538632, "scores": [118.50367360658672], "mean": 118.50367360658672}, "Ledoit-Wolf": {"std": 0.0, "min": 138.3777179297232, "best_params": {}, "best_val_score": {"std": 0.0, "min": 138.6219896215555, "scores": [138.6219896215555], "mean": 138.6219896215555}, "scores": [138.3777179297232], "mean": 138.3777179297232}, "Ground Truth": {"std": 0.0, "min": 115.68079544393213, "best_params": {}, "best_val_score": {"std": 0.0, "min": 115.68079544393213, "scores": [115.68079544393213], "mean": 115.68079544393213}, "scores": [115.68079544393213], "mean": 115.68079544393213}, "T-Corex + priors (W, method 2)": {"std": 0.0, "min": 118.57710879154281, "best_params": {"lamb": 0.0, "max_iter": 500, "init": true, "reg_type": "W", "l1": 0.03, "anneal": true, "nt": 10, "n_hidden": 32, "nv": 128}, "best_val_score": 118.4873405797866, "scores": [118.57710879154281], "mean": 118.57710879154281}, "T-Corex (MI)": {"std": 0.0, "min": 118.75040886852055, "best_params": {"max_iter": 500, "reg_type": "MI", "l1": 0, "anneal": true, "nt": 10, "n_hidden": 32, "nv": 128}, "best_val_score": 118.76219716557448, "scores": [118.75040886852055], "mean": 118.75040886852055}, "T-Corex + priors (W, method 1)": {"std": 0.0, "min": 118.55715596643384, "best_params": {"lamb": 0.0, "max_iter": 500, "init": true, "reg_type": "W", "l1": 0.003, "anneal": true, "nt": 10, "n_hidden": 32, "nv": 128}, "best_val_score": 118.50076201232787, "scores": [118.55715596643384], "mean": 118.55715596643384}, "T-Corex (WWT)": {"std": 0.0, "min": 119.09559119131741, "best_params": {"max_iter": 500, "reg_type": "WWT", "l1": 0.01, "anneal": true, "nt": 10, "n_hidden": 32, "nv": 128}, "best_val_score": 118.73979934760098, "scores": [119.09559119131741], "mean": 119.09559119131741}, "Linear CorEx (applied bucket-wise)": {"std": 0.0, "min": 118.36004818616348, "best_params": {"anneal": true, "max_iter": 500, "n_hidden": 32}, "best_val_score": 118.31706897266142, "scores": [118.36004818616348], "mean": 118.36004818616348}, "Factor Analysis": {"std": 0.0, "min": 143.42801901261842, "best_params": {"n_components": 32}, "best_val_score": 143.00443000748655, "scores": [143.42801901261842], "mean": 143.42801901261842}, "Oracle approximating shrinkage": {"std": 0.0, "min": 138.49257241783783, "best_params": {}, "best_val_score": {"std": 0.0, "min": 138.73798360261983, "scores": [138.73798360261983], "mean": 138.73798360261983}, "scores": [138.49257241783783], "mean": 138.49257241783783}, "Diagonal": {"std": 0.0, "min": 181.85265165914663, "best_params": {}, "best_val_score": {"std": 0.0, "min": 182.32023773326733, "scores": [182.32023773326733], "mean": 182.32023773326733}, "scores": [181.85265165914663], "mean": 181.85265165914663}, "Linear CorEx (applied on whole data)": {"std": 0.0, "min": 147.4946281354329, "best_params": {"anneal": true, "max_iter": 500, "n_hidden": 32}, "best_val_score": 147.4330693967069, "scores": [147.4946281354329], "mean": 147.4946281354329}, "Graphical LASSO (sklearn)": {"std": 0.0, "min": 121.58552994097506, "best_params": {"alpha": 0.1, "max_iter": 100, "mode": "lars"}, "best_val_score": 121.74073177748853, "scores": [121.58552994097506], "mean": 121.58552994097506}, "T-Corex (W)": {"std": 0.0, "min": 118.69699911833081, "best_params": {"max_iter": 500, "reg_type": "W", "l1": 0.003, "anneal": true, "nt": 10, "n_hidden": 32, "nv": 128}, "best_val_score": 118.64610285554609, "scores": [118.69699911833081], "mean": 118.69699911833081}, "T-Corex (W, weighted samples)": {"std": 0.0, "min": 118.45898932254724, "best_params": {"max_iter": 500, "init": true, "gamma": 100000.0, "l1": 0.001, "anneal": true, "nt": 10, "n_hidden": 32, "nv": 128, "reg_type": "W"}, "best_val_score": 118.3587776626393, "scores": [118.45898932254724], "mean": 118.45898932254724}, "T-GLASSO (no reg)": {"std": 0.0, "min": 126.72118884495153, "best_params": {"lamb": 0.1, "beta": 0.0, "max_iter": 30, "indexOfPenalty": 1}, "best_val_score": 126.8760924136268, "scores": [126.72118884495153], "mean": 126.72118884495153}, "PCA": {"std": 0.0, "min": 141.11220426984687, "best_params": {"n_components": 32}, "best_val_score": 140.58525270155545, "scores": [141.11220426984687], "mean": 141.11220426984687}, "T-Corex (W, weighted samples, no init)": {"std": 0.0, "min": 118.5133325955982, "best_params": {"max_iter": 500, "init": false, "gamma": 100000.0, "l1": 0, "anneal": true, "nt": 10, "n_hidden": 32, "nv": 128, "reg_type": "W"}, "best_val_score": 118.43339376383776, "scores": [118.5133325955982], "mean": 118.5133325955982}, "T-GLASSO": {"std": 0.0, "min": 123.22547911328999, "best_params": {"lamb": 0.01, "beta": 0.1, "max_iter": 30, "indexOfPenalty": 1}, "best_val_score": 123.35963408494258, "scores": [123.22547911328999], "mean": 123.22547911328999}, "T-Corex (Sigma)": {"std": 0.0, "min": 118.460475806461, "best_params": {"max_iter": 500, "reg_type": "Sigma", "l1": 0.01, "anneal": true, "nt": 10, "n_hidden": 32, "nv": 128}, "best_val_score": 118.38553604722881, "scores": [118.460475806461], "mean": 118.460475806461}, "T-GLASSO (more iters)": {"std": 0.0, "min": 118.30717444574861, "best_params": {"lamb": 0.03, "beta": 0.1, "max_iter": 100, "indexOfPenalty": 1}, "best_val_score": 118.3484081226903, "scores": [118.30717444574861], "mean": 118.30717444574861}, "T-GLASSO (more iters, no reg)": {"std": 0.0, "min": 122.54240514343114, "best_params": {"lamb": 0.1, "beta": 0.0, "max_iter": 100, "indexOfPenalty": 1}, "best_val_score": 122.684460000213, "scores": [122.54240514343114], "mean": 122.54240514343114}}