{"T-Corex + priors (W, method 2, weighted samples)": {"std": 0.0, "min": 122.53374233920015, "best_params": {"lamb": 0.99, "max_iter": 500, "init": true, "nv": 128, "l1": 0.1, "anneal": true, "nt": 10, "n_hidden": 32, "gamma": 2.5, "reg_type": "W"}, "best_val_score": 122.42668502314936, "scores": [122.53374233920015], "mean": 122.53374233920015}, "Ledoit-Wolf": {"std": 0.0, "min": 151.9349893819975, "best_params": {}, "best_val_score": {"std": 0.0, "min": 152.35014857110477, "scores": [152.35014857110477], "mean": 152.35014857110477}, "scores": [151.9349893819975], "mean": 151.9349893819975}, "Ground Truth": {"std": 0.0, "min": 115.54909286280581, "best_params": {}, "best_val_score": {"std": 0.0, "min": 115.54909286280581, "scores": [115.54909286280581], "mean": 115.54909286280581}, "scores": [115.54909286280581], "mean": 115.54909286280581}, "T-Corex + priors (W, method 2)": {"std": 0.0, "min": 122.95866249910185, "best_params": {"lamb": 0.0, "max_iter": 500, "init": true, "reg_type": "W", "l1": 0.03, "anneal": true, "nt": 10, "n_hidden": 32, "nv": 128}, "best_val_score": 122.95932231921752, "scores": [122.95866249910185], "mean": 122.95866249910185}, "T-Corex (MI)": {"std": 0.0, "min": 125.20592064501474, "best_params": {"max_iter": 500, "reg_type": "MI", "l1": 0.001, "anneal": true, "nt": 10, "n_hidden": 32, "nv": 128}, "best_val_score": 125.26826438505107, "scores": [125.20592064501474], "mean": 125.20592064501474}, "T-Corex + priors (W, method 1)": {"std": 0.0, "min": 122.79906703577016, "best_params": {"lamb": 0.0, "max_iter": 500, "init": true, "reg_type": "W", "l1": 0.03, "anneal": true, "nt": 10, "n_hidden": 32, "nv": 128}, "best_val_score": 122.87503434337796, "scores": [122.79906703577016], "mean": 122.79906703577016}, "T-Corex (WWT)": {"std": 0.0, "min": 125.13105233107015, "best_params": {"max_iter": 500, "reg_type": "WWT", "l1": 0.001, "anneal": true, "nt": 10, "n_hidden": 32, "nv": 128}, "best_val_score": 125.73375057703507, "scores": [125.13105233107015], "mean": 125.13105233107015}, "Linear CorEx (applied bucket-wise)": {"std": 0.0, "min": 122.58803108172421, "best_params": {"anneal": true, "max_iter": 500, "n_hidden": 32}, "best_val_score": 122.63734245420562, "scores": [122.58803108172421], "mean": 122.58803108172421}, "Factor Analysis": {"std": 0.0, "min": 250.97792232772764, "best_params": {"n_components": 32}, "best_val_score": 251.22949289739267, "scores": [250.97792232772764], "mean": 250.97792232772764}, "Oracle approximating shrinkage": {"std": 0.0, "min": 152.26096240419068, "best_params": {}, "best_val_score": {"std": 0.0, "min": 152.6650669904495, "scores": [152.6650669904495], "mean": 152.6650669904495}, "scores": [152.26096240419068], "mean": 152.26096240419068}, "Diagonal": {"std": 0.0, "min": 182.52385423267356, "best_params": {}, "best_val_score": {"std": 0.0, "min": 182.79510159358946, "scores": [182.79510159358946], "mean": 182.79510159358946}, "scores": [182.52385423267356], "mean": 182.52385423267356}, "Linear CorEx (applied on whole data)": {"std": 0.0, "min": 143.49374242785117, "best_params": {"anneal": true, "max_iter": 500, "n_hidden": 32}, "best_val_score": 143.23065378686286, "scores": [143.49374242785117], "mean": 143.49374242785117}, "Graphical LASSO (sklearn)": {"std": 0.0, "min": 125.32256591541345, "best_params": {"alpha": 0.1, "max_iter": 100, "mode": "lars"}, "best_val_score": 125.50929834524172, "scores": [125.32256591541345], "mean": 125.32256591541345}, "T-Corex (W)": {"std": 0.0, "min": 125.21788766755773, "best_params": {"max_iter": 500, "reg_type": "W", "l1": 0.01, "anneal": true, "nt": 10, "n_hidden": 32, "nv": 128}, "best_val_score": 124.96755667333984, "scores": [125.21788766755773], "mean": 125.21788766755773}, "T-Corex (W, weighted samples)": {"std": 0.0, "min": 122.46493428175715, "best_params": {"max_iter": 500, "init": true, "gamma": 100000.0, "l1": 0.03, "anneal": true, "nt": 10, "n_hidden": 32, "nv": 128, "reg_type": "W"}, "best_val_score": 122.59781559991261, "scores": [122.46493428175715], "mean": 122.46493428175715}, "T-GLASSO (no reg)": {"std": 0.0, "min": 129.85772714365663, "best_params": {"lamb": 0.1, "beta": 0.0, "max_iter": 30, "indexOfPenalty": 1}, "best_val_score": 130.0338513924267, "scores": [129.85772714365663], "mean": 129.85772714365663}, "PCA": {"std": 0.0, "min": 150.04002121532557, "best_params": {"n_components": 32}, "best_val_score": 150.75830778719953, "scores": [150.04002121532557], "mean": 150.04002121532557}, "T-Corex (W, weighted samples, no init)": {"std": 0.0, "min": 122.90976240747224, "best_params": {"max_iter": 500, "init": false, "gamma": 100000.0, "l1": 0, "anneal": true, "nt": 10, "n_hidden": 32, "nv": 128, "reg_type": "W"}, "best_val_score": 123.0019944664929, "scores": [122.90976240747224], "mean": 122.90976240747224}, "T-GLASSO": {"std": 0.0, "min": 124.71201263800029, "best_params": {"lamb": 0.03, "beta": 0.3, "max_iter": 30, "indexOfPenalty": 1}, "best_val_score": 124.70658639729238, "scores": [124.71201263800029], "mean": 124.71201263800029}, "T-Corex (Sigma)": {"std": 0.0, "min": 124.61718079505381, "best_params": {"max_iter": 500, "reg_type": "Sigma", "l1": 0.001, "anneal": true, "nt": 10, "n_hidden": 32, "nv": 128}, "best_val_score": 124.1734733068424, "scores": [124.61718079505381], "mean": 124.61718079505381}}