{"Ledoit-Wolf": {"std": 0.0, "min": 97.75643740166994, "best_params": {}, "best_val_score": {"std": 0.0, "min": 97.88942004033149, "scores": [97.88942004033149], "mean": 97.88942004033149}, "scores": [97.75643740166994], "mean": 97.75643740166994}, "Ground Truth": {"std": 0.0, "min": 84.54623305904708, "best_params": {}, "best_val_score": {"std": 0.0, "min": 84.54623305904708, "scores": [84.54623305904708], "mean": 84.54623305904708}, "scores": [84.54623305904708], "mean": 84.54623305904708}, "T-Corex + priors (W, method 2)": {"std": 0.0, "min": 85.73652739919336, "best_params": {"lamb": 0.0, "max_iter": 500, "init": true, "reg_type": "W", "l1": 0.1, "anneal": true, "nt": 10, "n_hidden": 8, "nv": 128}, "best_val_score": 85.55328160452302, "scores": [85.73652739919336], "mean": 85.73652739919336}, "T-Corex + priors (W, method 2, weighted samples)": {"std": 0.0, "min": 85.73188376777553, "best_params": {"lamb": 0.5, "max_iter": 500, "init": true, "nv": 128, "l1": 0.03, "anneal": true, "nt": 10, "n_hidden": 8, "gamma": 100000.0, "reg_type": "W"}, "best_val_score": 85.5272907018596, "scores": [85.73188376777553], "mean": 85.73188376777553}, "T-Corex + priors (W, method 1)": {"std": 0.0, "min": 85.8069278941962, "best_params": {"lamb": 0.0, "max_iter": 500, "init": true, "reg_type": "W", "l1": 0, "anneal": true, "nt": 10, "n_hidden": 8, "nv": 128}, "best_val_score": 85.67544286253569, "scores": [85.8069278941962], "mean": 85.8069278941962}, "Linear CorEx (applied bucket-wise)": {"std": 0.0, "min": 85.7516918772412, "best_params": {"anneal": true, "max_iter": 500, "n_hidden": 8}, "best_val_score": 85.59322564450666, "scores": [85.7516918772412], "mean": 85.7516918772412}, "Factor Analysis": {"std": 0.0, "min": 89.83480585440898, "best_params": {"n_components": 8}, "best_val_score": 90.05528505866616, "scores": [89.83480585440898], "mean": 89.83480585440898}, "Oracle approximating shrinkage": {"std": 0.0, "min": 97.62103647132955, "best_params": {}, "best_val_score": {"std": 0.0, "min": 97.74359018994191, "scores": [97.74359018994191], "mean": 97.74359018994191}, "scores": [97.62103647132955], "mean": 97.62103647132955}, "Diagonal": {"std": 0.0, "min": 182.4563644316562, "best_params": {}, "best_val_score": {"std": 0.0, "min": 185.7053443862107, "scores": [185.7053443862107], "mean": 185.7053443862107}, "scores": [182.4563644316562], "mean": 182.4563644316562}, "Linear CorEx (applied on whole data)": {"std": 0.0, "min": 134.77210235126614, "best_params": {"anneal": true, "max_iter": 500, "n_hidden": 8}, "best_val_score": 135.88907884906013, "scores": [134.77210235126614], "mean": 134.77210235126614}, "Graphical LASSO (sklearn)": {"std": 0.0, "min": 90.96665124131744, "best_params": {"alpha": 0.1, "max_iter": 100, "mode": "lars"}, "best_val_score": 91.00924028962018, "scores": [90.96665124131744], "mean": 90.96665124131744}, "T-Corex (W, weighted samples)": {"std": 0.0, "min": 85.81545734971415, "best_params": {"max_iter": 500, "init": true, "gamma": 100000.0, "l1": 0.3, "anneal": true, "nt": 10, "n_hidden": 8, "nv": 128, "reg_type": "W"}, "best_val_score": 85.61238572392783, "scores": [85.81545734971415], "mean": 85.81545734971415}, "T-GLASSO (no reg)": {"std": 0.0, "min": 94.68882591012027, "best_params": {"lamb": 0.03, "beta": 0.0, "max_iter": 30, "indexOfPenalty": 1}, "best_val_score": 94.90082815957919, "scores": [94.68882591012027], "mean": 94.68882591012027}, "PCA": {"std": 0.0, "min": 89.0701509615171, "best_params": {"n_components": 8}, "best_val_score": 89.40160321208552, "scores": [89.0701509615171], "mean": 89.0701509615171}, "T-Corex (W, weighted samples, no init)": {"std": 0.0, "min": 85.80637772008411, "best_params": {"max_iter": 500, "init": false, "gamma": 100000.0, "l1": 0.01, "anneal": true, "nt": 10, "n_hidden": 8, "nv": 128, "reg_type": "W"}, "best_val_score": 85.63401542399464, "scores": [85.80637772008411], "mean": 85.80637772008411}, "T-GLASSO": {"std": 0.0, "min": 93.185060760218, "best_params": {"lamb": 0.01, "beta": 0.1, "max_iter": 30, "indexOfPenalty": 1}, "best_val_score": 93.33862324821214, "scores": [93.185060760218], "mean": 93.185060760218}, "T-Corex (W)": {"std": 0.0, "min": 85.82418254263811, "best_params": {"max_iter": 500, "reg_type": "W", "l1": 0, "anneal": true, "nt": 10, "n_hidden": 8, "nv": 128}, "best_val_score": 85.67572363555497, "scores": [85.82418254263811], "mean": 85.82418254263811}, "T-GLASSO (more iters)": {"std": 0.0, "min": 87.02683413065506, "best_params": {"lamb": 0.01, "beta": 0.1, "max_iter": 100, "indexOfPenalty": 1}, "best_val_score": 87.13067036867425, "scores": [87.02683413065506], "mean": 87.02683413065506}, "T-GLASSO (more iters, no reg)": {"std": 0.0, "min": 89.23095269572863, "best_params": {"lamb": 0.03, "beta": 0.0, "max_iter": 100, "indexOfPenalty": 1}, "best_val_score": 89.3878298066445, "scores": [89.23095269572863], "mean": 89.23095269572863}}