{"Ledoit-Wolf": {"std": 0.0, "min": 141.5773062592428, "best_params": {}, "best_val_score": {"std": 0.0, "min": 140.19135847181246, "scores": [140.19135847181246], "mean": 140.19135847181246}, "scores": [141.5773062592428], "mean": 141.5773062592428}, "Ground Truth": {"std": 0.0, "min": 114.90657056900884, "best_params": {}, "best_val_score": {"std": 0.0, "min": 114.90657056900884, "scores": [114.90657056900884], "mean": 114.90657056900884}, "scores": [114.90657056900884], "mean": 114.90657056900884}, "T-Corex (W, weighted samples)": {"std": 0.0, "min": 116.46695435714658, "best_params": {"max_iter": 500, "init": true, "l2": 0.3, "nv": 128, "anneal": true, "nt": 10, "n_hidden": 4, "gamma": 100000.0, "reg_type": "W"}, "best_val_score": 115.88279569198221, "scores": [116.46695435714658], "mean": 116.46695435714658}, "Linear CorEx (applied bucket-wise)": {"std": 0.0, "min": 116.46833845515164, "best_params": {"anneal": true, "max_iter": 500, "n_hidden": 4}, "best_val_score": 115.86689786199618, "scores": [116.46833845515164], "mean": 116.46833845515164}, "Factor Analysis": {"std": 0.0, "min": 117.83675307221026, "best_params": {"n_components": 4}, "best_val_score": 117.06998072587967, "scores": [117.83675307221026], "mean": 117.83675307221026}, "Oracle approximating shrinkage": {"std": 0.0, "min": 141.09182531847964, "best_params": {}, "best_val_score": {"std": 0.0, "min": 139.74108502141382, "scores": [139.74108502141382], "mean": 139.74108502141382}, "scores": [141.09182531847964], "mean": 141.09182531847964}, "Diagonal": {"std": 0.0, "min": 182.85599376494855, "best_params": {}, "best_val_score": {"std": 0.0, "min": 179.71418100126527, "scores": [179.71418100126527], "mean": 179.71418100126527}, "scores": [182.85599376494855], "mean": 182.85599376494855}, "Linear CorEx (applied on whole data)": {"std": 0.0, "min": 133.2933202658165, "best_params": {"anneal": true, "max_iter": 500, "n_hidden": 4}, "best_val_score": 132.47662677850832, "scores": [133.2933202658165], "mean": 133.2933202658165}, "Graphical LASSO (sklearn)": {"std": 0.0, "min": 120.01383405229282, "best_params": {"alpha": 0.1, "max_iter": 100, "mode": "lars"}, "best_val_score": 119.58198655733331, "scores": [120.01383405229282], "mean": 120.01383405229282}, "T-GLASSO (no reg)": {"std": 0.0, "min": 131.10510867940422, "best_params": {"lamb": 0.03, "beta": 0.0, "max_iter": 10, "indexOfPenalty": 2}, "best_val_score": 130.83802200610413, "scores": [131.10510867940422], "mean": 131.10510867940422}, "PCA": {"std": 0.0, "min": 130.02113900903703, "best_params": {"n_components": 4}, "best_val_score": 129.39231243097777, "scores": [130.02113900903703], "mean": 130.02113900903703}, "T-GLASSO": {"std": 0.0, "min": 130.51008345259237, "best_params": {"lamb": 0.01, "beta": 1.0, "max_iter": 10, "indexOfPenalty": 2}, "best_val_score": 130.18898657003103, "scores": [130.51008345259237], "mean": 130.51008345259237}, "T-Corex (W)": {"std": 0.0, "min": 116.50209304570062, "best_params": {"max_iter": 500, "l2": 0.01, "reg_type": "W", "anneal": true, "nt": 10, "n_hidden": 4, "nv": 128}, "best_val_score": 115.88533375014224, "scores": [116.50209304570062], "mean": 116.50209304570062}, "T-Corex (W, L1, weighted samples)": {"std": 0.0, "min": 116.4716255502057, "best_params": {"max_iter": 500, "init": true, "gamma": 100000.0, "l1": 0.01, "anneal": true, "nt": 10, "n_hidden": 4, "nv": 128, "reg_type": "W"}, "best_val_score": 115.85845168209737, "scores": [116.4716255502057], "mean": 116.4716255502057}, "T-Corex (W, L1)": {"std": 0.0, "min": 116.49769187667096, "best_params": {"max_iter": 500, "reg_type": "W", "l1": 0.03, "anneal": true, "nt": 10, "n_hidden": 4, "nv": 128}, "best_val_score": 115.89074041448173, "scores": [116.49769187667096], "mean": 116.49769187667096}, "T-GLASSO (L1)": {"std": 0.0, "min": 118.67021141886471, "best_params": {"lamb": 0.03, "beta": 0.03, "max_iter": 100, "indexOfPenalty": 1}, "best_val_score": 118.39631548661309, "scores": [118.67021141886471], "mean": 118.67021141886471}}