{"Ledoit-Wolf": {"std": 0.0, "min": 174.5373490807264, "best_params": {}, "best_val_score": {"std": 0.0, "min": 173.15843428056436, "scores": [173.15843428056436], "mean": 173.15843428056436}, "scores": [174.5373490807264], "mean": 174.5373490807264}, "Ground Truth": {"std": 0.0, "min": 121.27255671498179, "best_params": {}, "best_val_score": {"std": 0.0, "min": 121.27255671498179, "scores": [121.27255671498179], "mean": 121.27255671498179}, "scores": [121.27255671498179], "mean": 121.27255671498179}, "T-Corex (W, L2, weighted samples)": {"std": 0.0, "min": 138.06607150032224, "best_params": {"max_iter": 500, "init": true, "l2": 10.0, "nv": 128, "anneal": true, "nt": 10, "n_hidden": 8, "gamma": 2.0, "reg_type": "W"}, "best_val_score": 138.2694504687023, "scores": [138.06607150032224], "mean": 138.06607150032224}, "Linear CorEx (applied bucket-wise)": {"std": 0.0, "min": 214.8081250969834, "best_params": {"anneal": true, "max_iter": 500, "n_hidden": 8}, "best_val_score": 223.71868117701501, "scores": [214.8081250969834], "mean": 214.8081250969834}, "Factor Analysis": {"std": NaN, "min": Infinity, "best_params": {"n_components": 8}, "best_val_score": 1e+18, "scores": [Infinity], "mean": Infinity}, "Oracle approximating shrinkage": {"std": 0.0, "min": 171.1839772281167, "best_params": {}, "best_val_score": {"std": 0.0, "min": 170.0488055789301, "scores": [170.0488055789301], "mean": 170.0488055789301}, "scores": [171.1839772281167], "mean": 171.1839772281167}, "Diagonal": {"std": 0.0, "min": 201.8091374593064, "best_params": {}, "best_val_score": {"std": 0.0, "min": 202.44417463601445, "scores": [202.44417463601445], "mean": 202.44417463601445}, "scores": [201.8091374593064], "mean": 201.8091374593064}, "Linear CorEx (applied on whole data)": {"std": 0.0, "min": 144.9286385623829, "best_params": {"anneal": true, "max_iter": 500, "n_hidden": 8}, "best_val_score": 145.30694642705762, "scores": [144.9286385623829], "mean": 144.9286385623829}, "Graphical LASSO (sklearn)": {"std": 0.0, "min": 196.0455882080554, "best_params": {"alpha": 1, "max_iter": 100, "mode": "lars"}, "best_val_score": 196.84865556999512, "scores": [196.0455882080554], "mean": 196.0455882080554}, "T-GLASSO (no reg)": {"std": 0.0, "min": 168.8725261615319, "best_params": {"lamb": 0.1, "beta": 0.0, "max_iter": 10, "indexOfPenalty": 2}, "best_val_score": 168.2911896517636, "scores": [168.8725261615319], "mean": 168.8725261615319}, "PCA": {"std": NaN, "min": Infinity, "best_params": {"n_components": 8}, "best_val_score": 1e+18, "scores": [Infinity], "mean": Infinity}, "T-GLASSO (L2)": {"std": 0.0, "min": 165.4492829904598, "best_params": {"lamb": 0.1, "beta": 1.0, "max_iter": 10, "indexOfPenalty": 2}, "best_val_score": 164.76919736684866, "scores": [165.4492829904598], "mean": 165.4492829904598}, "T-Corex (W, L2)": {"std": 0.0, "min": 198.33819824697565, "best_params": {"max_iter": 500, "l2": 3.0, "reg_type": "W", "anneal": true, "nt": 10, "n_hidden": 8, "nv": 128}, "best_val_score": 196.69171863554075, "scores": [198.33819824697565], "mean": 198.33819824697565}, "T-Corex (W, L1, weighted samples)": {"std": 0.0, "min": 136.66617017962, "best_params": {"max_iter": 500, "init": true, "gamma": 1.5, "l1": 1.0, "anneal": true, "nt": 10, "n_hidden": 8, "nv": 128, "reg_type": "W"}, "best_val_score": 136.83868266450992, "scores": [136.66617017962], "mean": 136.66617017962}, "T-Corex (W, L1)": {"std": 0.0, "min": 202.50874258896596, "best_params": {"max_iter": 500, "reg_type": "W", "l1": 10.0, "anneal": true, "nt": 10, "n_hidden": 8, "nv": 128}, "best_val_score": 201.2468655776564, "scores": [202.50874258896596], "mean": 202.50874258896596}, "T-GLASSO (L1)": {"std": 0.0, "min": 138.75109089151732, "best_params": {"lamb": 0.1, "beta": 3.0, "max_iter": 100, "indexOfPenalty": 1}, "best_val_score": 138.45046850641833, "scores": [138.75109089151732], "mean": 138.75109089151732}}