{"Ledoit-Wolf": {"std": 0.0, "min": 143.9756817532244, "best_params": {}, "best_val_score": {"std": 0.0, "min": 144.5287913248696, "scores": [144.5287913248696], "mean": 144.5287913248696}, "scores": [143.9756817532244], "mean": 143.9756817532244}, "Ground Truth": {"std": 0.0, "min": 121.16111896111352, "best_params": {}, "best_val_score": {"std": 0.0, "min": 121.16111896111352, "scores": [121.16111896111352], "mean": 121.16111896111352}, "scores": [121.16111896111352], "mean": 121.16111896111352}, "T-Corex (W, weighted samples)": {"std": 0.0, "min": 124.66778078002301, "best_params": {"max_iter": 500, "init": true, "l2": 0.1, "nv": 128, "anneal": true, "nt": 10, "n_hidden": 8, "gamma": 2.5, "reg_type": "W"}, "best_val_score": 124.93016532933261, "scores": [124.66778078002301], "mean": 124.66778078002301}, "Linear CorEx (applied bucket-wise)": {"std": 0.0, "min": 125.80102666183188, "best_params": {"anneal": true, "max_iter": 500, "n_hidden": 8}, "best_val_score": 126.04191560843894, "scores": [125.80102666183188], "mean": 125.80102666183188}, "Factor Analysis": {"std": 0.0, "min": 133.87591913969726, "best_params": {"n_components": 8}, "best_val_score": 133.96320045906666, "scores": [133.87591913969726], "mean": 133.87591913969726}, "Oracle approximating shrinkage": {"std": 0.0, "min": 143.89648049347116, "best_params": {}, "best_val_score": {"std": 0.0, "min": 144.4251670613984, "scores": [144.4251670613984], "mean": 144.4251670613984}, "scores": [143.89648049347116], "mean": 143.89648049347116}, "Diagonal": {"std": 0.0, "min": 183.25891063394124, "best_params": {}, "best_val_score": {"std": 0.0, "min": 183.73918295335548, "scores": [183.73918295335548], "mean": 183.73918295335548}, "scores": [183.25891063394124], "mean": 183.25891063394124}, "Linear CorEx (applied on whole data)": {"std": 0.0, "min": 141.12873004263153, "best_params": {"anneal": true, "max_iter": 500, "n_hidden": 8}, "best_val_score": 141.8246664082168, "scores": [141.12873004263153], "mean": 141.12873004263153}, "Graphical LASSO (sklearn)": {"std": 0.0, "min": 130.31751242520463, "best_params": {"alpha": 0.1, "max_iter": 100, "mode": "lars"}, "best_val_score": 130.7043918017993, "scores": [130.31751242520463], "mean": 130.31751242520463}, "T-GLASSO (no reg)": {"std": 0.0, "min": 140.28434143496204, "best_params": {"lamb": 0.03, "beta": 0.0, "max_iter": 10, "indexOfPenalty": 2}, "best_val_score": 140.698230976775, "scores": [140.28434143496204], "mean": 140.28434143496204}, "PCA": {"std": 0.0, "min": 146.85387539427856, "best_params": {"n_components": 8}, "best_val_score": 146.82691452544879, "scores": [146.85387539427856], "mean": 146.85387539427856}, "T-GLASSO": {"std": 0.0, "min": 139.10546262571827, "best_params": {"lamb": 0.03, "beta": 1.0, "max_iter": 10, "indexOfPenalty": 2}, "best_val_score": 139.46836302552092, "scores": [139.10546262571827], "mean": 139.10546262571827}, "T-Corex (W)": {"std": 0.0, "min": 125.95150125027025, "best_params": {"max_iter": 500, "l2": 0, "reg_type": "W", "anneal": true, "nt": 10, "n_hidden": 8, "nv": 128}, "best_val_score": 126.16776472960464, "scores": [125.95150125027025], "mean": 125.95150125027025}, "T-Corex (W, L1, weighted samples)": {"std": 0.0, "min": 124.71098839298187, "best_params": {"max_iter": 500, "init": true, "gamma": 2.5, "l1": 0.01, "anneal": true, "nt": 10, "n_hidden": 8, "nv": 128, "reg_type": "W"}, "best_val_score": 125.05968147618907, "scores": [124.71098839298187], "mean": 124.71098839298187}, "T-Corex (W, L1)": {"std": 0.0, "min": 125.987908837235, "best_params": {"max_iter": 500, "reg_type": "W", "l1": 0.003, "anneal": true, "nt": 10, "n_hidden": 8, "nv": 128}, "best_val_score": 126.16881032909541, "scores": [125.987908837235], "mean": 125.987908837235}, "T-GLASSO (L1)": {"std": 0.0, "min": 127.32131362995726, "best_params": {"lamb": 0.03, "beta": 0.1, "max_iter": 100, "indexOfPenalty": 1}, "best_val_score": 127.93353012342845, "scores": [127.32131362995726], "mean": 127.32131362995726}}