{"Ledoit-Wolf": {"std": 0.0, "min": 142.2474353757461, "best_params": {}, "best_val_score": {"std": 0.0, "min": 142.5056228295088, "scores": [142.5056228295088], "mean": 142.5056228295088}, "scores": [142.2474353757461], "mean": 142.2474353757461}, "Ground Truth": {"std": 0.0, "min": 114.71216678689932, "best_params": {}, "best_val_score": {"std": 0.0, "min": 114.71216678689932, "scores": [114.71216678689932], "mean": 114.71216678689932}, "scores": [114.71216678689932], "mean": 114.71216678689932}, "T-Corex (W, L2, weighted samples)": {"std": 0.0, "min": 119.2397825318767, "best_params": {"max_iter": 500, "init": true, "l2": 0.1, "nv": 128, "anneal": true, "nt": 10, "n_hidden": 4, "gamma": 2.5, "reg_type": "W"}, "best_val_score": 119.61279254207693, "scores": [119.2397825318767], "mean": 119.2397825318767}, "Linear CorEx (applied bucket-wise)": {"std": 0.0, "min": 121.45506736501997, "best_params": {"anneal": true, "max_iter": 500, "n_hidden": 4}, "best_val_score": 122.03775045079563, "scores": [121.45506736501997], "mean": 121.45506736501997}, "Factor Analysis": {"std": 0.0, "min": 130.4917238771651, "best_params": {"n_components": 4}, "best_val_score": 130.9908207850651, "scores": [130.4917238771651], "mean": 130.4917238771651}, "Oracle approximating shrinkage": {"std": 0.0, "min": 142.05150638807842, "best_params": {}, "best_val_score": {"std": 0.0, "min": 142.26132225118857, "scores": [142.26132225118857], "mean": 142.26132225118857}, "scores": [142.05150638807842], "mean": 142.05150638807842}, "Diagonal": {"std": 0.0, "min": 184.32974446425303, "best_params": {}, "best_val_score": {"std": 0.0, "min": 186.51274649023628, "scores": [186.51274649023628], "mean": 186.51274649023628}, "scores": [184.32974446425303], "mean": 184.32974446425303}, "Linear CorEx (applied on whole data)": {"std": 0.0, "min": 133.3541326836059, "best_params": {"anneal": true, "max_iter": 500, "n_hidden": 4}, "best_val_score": 133.58216366292586, "scores": [133.3541326836059], "mean": 133.3541326836059}, "Graphical LASSO (sklearn)": {"std": 0.0, "min": 133.04661460020344, "best_params": {"alpha": 0.3, "max_iter": 100, "mode": "lars"}, "best_val_score": 133.54067187375585, "scores": [133.04661460020344], "mean": 133.04661460020344}, "T-GLASSO (no reg)": {"std": 0.0, "min": 137.8762231532876, "best_params": {"lamb": 0.03, "beta": 0.0, "max_iter": 10, "indexOfPenalty": 2}, "best_val_score": 138.35792226106182, "scores": [137.8762231532876], "mean": 137.8762231532876}, "PCA": {"std": 0.0, "min": 166.34141987947768, "best_params": {"n_components": 4}, "best_val_score": 166.4824663979445, "scores": [166.34141987947768], "mean": 166.34141987947768}, "T-GLASSO (L2)": {"std": 0.0, "min": 136.16688828803836, "best_params": {"lamb": 0.03, "beta": 1.0, "max_iter": 10, "indexOfPenalty": 2}, "best_val_score": 136.56248158531375, "scores": [136.16688828803836], "mean": 136.16688828803836}, "T-Corex (W, L2)": {"std": 0.0, "min": 121.5483421469374, "best_params": {"max_iter": 500, "l2": 0.001, "reg_type": "W", "anneal": true, "nt": 10, "n_hidden": 4, "nv": 128}, "best_val_score": 122.12386292653484, "scores": [121.5483421469374], "mean": 121.5483421469374}, "T-Corex (W, L1, weighted samples)": {"std": 0.0, "min": 119.21677186600115, "best_params": {"max_iter": 500, "init": true, "gamma": 2.5, "l1": 0.03, "anneal": true, "nt": 10, "n_hidden": 4, "nv": 128, "reg_type": "W"}, "best_val_score": 119.50389961735785, "scores": [119.21677186600115], "mean": 119.21677186600115}, "T-Corex (W, L1)": {"std": 0.0, "min": 121.45863250500452, "best_params": {"max_iter": 500, "reg_type": "W", "l1": 0.1, "anneal": true, "nt": 10, "n_hidden": 4, "nv": 128}, "best_val_score": 122.06594439282321, "scores": [121.45863250500452], "mean": 121.45863250500452}, "T-GLASSO (L1)": {"std": 0.0, "min": 123.74799479377626, "best_params": {"lamb": 0.1, "beta": 0.1, "max_iter": 100, "indexOfPenalty": 1}, "best_val_score": 124.1523343924038, "scores": [123.74799479377626], "mean": 123.74799479377626}}