{"Ledoit-Wolf": {"std": 0.0, "min": 138.91863829549357, "best_params": {}, "best_val_score": {"std": 0.0, "min": 138.15078979673143, "scores": [138.15078979673143], "mean": 138.15078979673143}, "scores": [138.91863829549357], "mean": 138.91863829549357}, "Ground Truth": {"std": 0.0, "min": 121.29871976467237, "best_params": {}, "best_val_score": {"std": 0.0, "min": 121.29871976467237, "scores": [121.29871976467237], "mean": 121.29871976467237}, "scores": [121.29871976467237], "mean": 121.29871976467237}, "T-Corex (W, weighted samples)": {"std": 0.0, "min": 123.4528405491257, "best_params": {"max_iter": 500, "init": true, "l2": 0.3, "nv": 128, "anneal": true, "nt": 10, "n_hidden": 8, "gamma": 100000.0, "reg_type": "W"}, "best_val_score": 122.73050015005694, "scores": [123.4528405491257], "mean": 123.4528405491257}, "Linear CorEx (applied bucket-wise)": {"std": 0.0, "min": 123.43996849655923, "best_params": {"anneal": true, "max_iter": 500, "n_hidden": 8}, "best_val_score": 122.79007272803112, "scores": [123.43996849655923], "mean": 123.43996849655923}, "Factor Analysis": {"std": 0.0, "min": 126.65961762164314, "best_params": {"n_components": 8}, "best_val_score": 126.12158764809347, "scores": [126.65961762164314], "mean": 126.65961762164314}, "Oracle approximating shrinkage": {"std": 0.0, "min": 138.83975598541292, "best_params": {}, "best_val_score": {"std": 0.0, "min": 138.07658874858748, "scores": [138.07658874858748], "mean": 138.07658874858748}, "scores": [138.83975598541292], "mean": 138.83975598541292}, "Diagonal": {"std": 0.0, "min": 182.37355027430098, "best_params": {}, "best_val_score": {"std": 0.0, "min": 181.57492239002823, "scores": [181.57492239002823], "mean": 181.57492239002823}, "scores": [182.37355027430098], "mean": 182.37355027430098}, "Linear CorEx (applied on whole data)": {"std": 0.0, "min": 140.90315436535928, "best_params": {"anneal": true, "max_iter": 500, "n_hidden": 8}, "best_val_score": 139.31171617355167, "scores": [140.90315436535928], "mean": 140.90315436535928}, "Graphical LASSO (sklearn)": {"std": 0.0, "min": 126.43897767880053, "best_params": {"alpha": 0.1, "max_iter": 100, "mode": "lars"}, "best_val_score": 126.04040808175674, "scores": [126.43897767880053], "mean": 126.43897767880053}, "T-GLASSO (no reg)": {"std": 0.0, "min": 137.0925309040754, "best_params": {"lamb": 0.03, "beta": 0.0, "max_iter": 10, "indexOfPenalty": 2}, "best_val_score": 136.7313812159059, "scores": [137.0925309040754], "mean": 137.0925309040754}, "PCA": {"std": 0.0, "min": 137.98666273140472, "best_params": {"n_components": 8}, "best_val_score": 137.1727385364391, "scores": [137.98666273140472], "mean": 137.98666273140472}, "T-GLASSO": {"std": 0.0, "min": 136.8264240465788, "best_params": {"lamb": 0.03, "beta": 1.0, "max_iter": 10, "indexOfPenalty": 2}, "best_val_score": 136.45574201183763, "scores": [136.8264240465788], "mean": 136.8264240465788}, "T-Corex (W)": {"std": 0.0, "min": 123.48855069037066, "best_params": {"max_iter": 500, "l2": 0.001, "reg_type": "W", "anneal": true, "nt": 10, "n_hidden": 8, "nv": 128}, "best_val_score": 122.88817999676537, "scores": [123.48855069037066], "mean": 123.48855069037066}, "T-Corex (W, L1, weighted samples)": {"std": 0.0, "min": 123.459762694026, "best_params": {"max_iter": 500, "init": true, "gamma": 100000.0, "l1": 0.03, "anneal": true, "nt": 10, "n_hidden": 8, "nv": 128, "reg_type": "W"}, "best_val_score": 122.79002164056669, "scores": [123.459762694026], "mean": 123.459762694026}, "T-Corex (W, L1)": {"std": 0.0, "min": 123.53634269290794, "best_params": {"max_iter": 500, "reg_type": "W", "l1": 0.01, "anneal": true, "nt": 10, "n_hidden": 8, "nv": 128}, "best_val_score": 122.90415691656816, "scores": [123.53634269290794], "mean": 123.53634269290794}, "T-GLASSO (L1)": {"std": 0.0, "min": 125.4460823477976, "best_params": {"lamb": 0.03, "beta": 0.03, "max_iter": 100, "indexOfPenalty": 1}, "best_val_score": 125.00574334919989, "scores": [125.4460823477976], "mean": 125.4460823477976}}