{"Ledoit-Wolf": {"std": 0.0, "min": 94.3657856918811, "best_params": {}, "best_val_score": {"std": 0.0, "min": 94.51449069344197, "scores": [94.51449069344197], "mean": 94.51449069344197}, "scores": [94.3657856918811], "mean": 94.3657856918811}, "Ground Truth": {"std": 0.0, "min": 76.89792893048097, "best_params": {}, "best_val_score": {"std": 0.0, "min": 76.89792893048097, "scores": [76.89792893048097], "mean": 76.89792893048097}, "scores": [76.89792893048097], "mean": 76.89792893048097}, "T-Corex + priors (W, method 2)": {"std": 0.0, "min": 82.2449169400352, "best_params": {"lamb": 0.0, "max_iter": 500, "init": true, "reg_type": "W", "l1": 3.0, "anneal": true, "nt": 10, "n_hidden": 4, "nv": 128}, "best_val_score": 82.16856833344522, "scores": [82.2449169400352], "mean": 82.2449169400352}, "T-Corex (MI)": {"std": 0.0, "min": 81.93986634864561, "best_params": {"max_iter": 500, "reg_type": "MI", "l1": 1.0, "anneal": true, "nt": 10, "n_hidden": 4, "nv": 128}, "best_val_score": 82.07805460542689, "scores": [81.93986634864561], "mean": 81.93986634864561}, "T-Corex + priors (W, method 1)": {"std": 0.0, "min": 98.09446819816233, "best_params": {"lamb": 0.0, "max_iter": 500, "init": true, "reg_type": "W", "l1": 3.0, "anneal": true, "nt": 10, "n_hidden": 4, "nv": 128}, "best_val_score": 82.21409495749768, "scores": [98.09446819816233], "mean": 98.09446819816233}, "T-Corex (WWT)": {"std": 0.0, "min": 82.26333544472735, "best_params": {"max_iter": 500, "reg_type": "WWT", "l1": 0.1, "anneal": true, "nt": 10, "n_hidden": 4, "nv": 128}, "best_val_score": 82.31588730784725, "scores": [82.26333544472735], "mean": 82.26333544472735}, "Linear CorEx (applied bucket-wise)": {"std": 0.0, "min": 82.42718655135873, "best_params": {"anneal": true, "max_iter": 500, "n_hidden": 4}, "best_val_score": 82.52011406811357, "scores": [82.42718655135873], "mean": 82.42718655135873}, "Factor Analysis": {"std": 0.0, "min": 94.08557823894725, "best_params": {"n_components": 4}, "best_val_score": 94.84287231150762, "scores": [94.08557823894725], "mean": 94.08557823894725}, "Oracle approximating shrinkage": {"std": 0.0, "min": 93.99061120007478, "best_params": {}, "best_val_score": {"std": 0.0, "min": 94.16005161508394, "scores": [94.16005161508394], "mean": 94.16005161508394}, "scores": [93.99061120007478], "mean": 93.99061120007478}, "Diagonal": {"std": 0.0, "min": 185.6312512190548, "best_params": {}, "best_val_score": {"std": 0.0, "min": 185.7464576056254, "scores": [185.7464576056254], "mean": 185.7464576056254}, "scores": [185.6312512190548], "mean": 185.6312512190548}, "Linear CorEx (applied on whole data)": {"std": 0.0, "min": 128.19438540352246, "best_params": {"anneal": true, "max_iter": 500, "n_hidden": 4}, "best_val_score": 131.306847151285, "scores": [128.19438540352246], "mean": 128.19438540352246}, "Graphical LASSO (sklearn)": {"std": 0.0, "min": 102.20174236692668, "best_params": {"alpha": 0.3, "max_iter": 100, "mode": "lars"}, "best_val_score": 102.15456171956184, "scores": [102.20174236692668], "mean": 102.20174236692668}, "T-Corex (W)": {"std": 0.0, "min": 82.42382545210299, "best_params": {"max_iter": 500, "reg_type": "W", "l1": 0.1, "anneal": true, "nt": 10, "n_hidden": 4, "nv": 128}, "best_val_score": 82.48482929437775, "scores": [82.42382545210299], "mean": 82.42382545210299}, "T-Corex (W, weighted samples)": {"std": 0.0, "min": 82.21286517961624, "best_params": {"max_iter": 500, "init": true, "gamma": 100000.0, "l1": 3.0, "anneal": true, "nt": 10, "n_hidden": 4, "nv": 128, "reg_type": "W"}, "best_val_score": 82.07734901685882, "scores": [82.21286517961624], "mean": 82.21286517961624}, "T-GLASSO (no reg)": {"std": 0.0, "min": 91.54076836290787, "best_params": {"lamb": 0.03, "beta": 0.0, "max_iter": 30, "indexOfPenalty": 1}, "best_val_score": 91.69011565646177, "scores": [91.54076836290787], "mean": 91.54076836290787}, "PCA": {"std": 0.0, "min": 116.31087313325474, "best_params": {"n_components": 4}, "best_val_score": 116.38665750437886, "scores": [116.31087313325474], "mean": 116.31087313325474}, "T-Corex (W, weighted samples, no init)": {"std": 0.0, "min": 82.48151833151488, "best_params": {"max_iter": 500, "init": false, "gamma": 100000.0, "l1": 0.1, "anneal": true, "nt": 10, "n_hidden": 4, "nv": 128, "reg_type": "W"}, "best_val_score": 82.45091056864852, "scores": [82.48151833151488], "mean": 82.48151833151488}, "T-GLASSO": {"std": 0.0, "min": 87.3800439016034, "best_params": {"lamb": 0.01, "beta": 0.1, "max_iter": 30, "indexOfPenalty": 1}, "best_val_score": 87.36726448372855, "scores": [87.3800439016034], "mean": 87.3800439016034}, "T-Corex (Sigma)": {"std": 0.0, "min": 82.52902860938701, "best_params": {"max_iter": 500, "reg_type": "Sigma", "l1": 0, "anneal": true, "nt": 10, "n_hidden": 4, "nv": 128}, "best_val_score": 82.63292620708549, "scores": [82.52902860938701], "mean": 82.52902860938701}, "T-Corex + priors (W, method 2, weighted samples)": {"std": 0.0, "min": 99.35233788181436, "best_params": {"lamb": 0.0, "max_iter": 500, "init": true, "nv": 128, "l1": 3.0, "anneal": true, "nt": 10, "n_hidden": 4, "gamma": 1.25, "reg_type": "W"}, "best_val_score": 82.05247629810941, "scores": [99.35233788181436], "mean": 99.35233788181436}}