{"Ledoit-Wolf": {"std": 0.0, "min": 126.64368524999293, "best_params": {}, "best_val_score": {"std": 0.0, "min": 127.92337273169365, "scores": [127.92337273169365], "mean": 127.92337273169365}, "scores": [126.64368524999293], "mean": 126.64368524999293}, "Ground Truth": {"std": 0.0, "min": 84.57598185259383, "best_params": {}, "best_val_score": {"std": 0.0, "min": 84.57598185259383, "scores": [84.57598185259383], "mean": 84.57598185259383}, "scores": [84.57598185259383], "mean": 84.57598185259383}, "T-Corex + priors (W, method 2)": {"std": 0.0, "min": 98.6326649587916, "best_params": {"lamb": 0.0, "max_iter": 500, "init": true, "reg_type": "W", "l1": 0.3, "anneal": true, "nt": 10, "n_hidden": 8, "nv": 128}, "best_val_score": 98.50199465883357, "scores": [98.6326649587916], "mean": 98.6326649587916}, "T-Corex (MI)": {"std": 0.0, "min": 99.54609943769118, "best_params": {"max_iter": 500, "reg_type": "MI", "l1": 0.001, "anneal": true, "nt": 10, "n_hidden": 8, "nv": 128}, "best_val_score": 99.20364332303136, "scores": [99.54609943769118], "mean": 99.54609943769118}, "T-Corex + priors (W, method 1)": {"std": 0.0, "min": 98.4886908870716, "best_params": {"lamb": 0.0, "max_iter": 500, "init": true, "reg_type": "W", "l1": 0.3, "anneal": true, "nt": 10, "n_hidden": 8, "nv": 128}, "best_val_score": 98.25649172120094, "scores": [98.4886908870716], "mean": 98.4886908870716}, "T-Corex (WWT)": {"std": 0.0, "min": 98.77051061232686, "best_params": {"max_iter": 500, "reg_type": "WWT", "l1": 0.03, "anneal": true, "nt": 10, "n_hidden": 8, "nv": 128}, "best_val_score": 98.17450719079974, "scores": [98.77051061232686], "mean": 98.77051061232686}, "Linear CorEx (applied bucket-wise)": {"std": 0.0, "min": 99.08793165569091, "best_params": {"anneal": true, "max_iter": 500, "n_hidden": 8}, "best_val_score": 98.95478014610636, "scores": [99.08793165569091], "mean": 99.08793165569091}, "Factor Analysis": {"std": 0.0, "min": 386.8718315333314, "best_params": {"n_components": 8}, "best_val_score": 394.83619526785, "scores": [386.8718315333314], "mean": 386.8718315333314}, "Oracle approximating shrinkage": {"std": 0.0, "min": 127.78026421013574, "best_params": {}, "best_val_score": {"std": 0.0, "min": 128.91916542239466, "scores": [128.91916542239466], "mean": 128.91916542239466}, "scores": [127.78026421013574], "mean": 127.78026421013574}, "Diagonal": {"std": 0.0, "min": 186.2394767906629, "best_params": {}, "best_val_score": {"std": 0.0, "min": 188.50323266711763, "scores": [188.50323266711763], "mean": 188.50323266711763}, "scores": [186.2394767906629], "mean": 186.2394767906629}, "Linear CorEx (applied on whole data)": {"std": 0.0, "min": 129.42693605515475, "best_params": {"anneal": true, "max_iter": 500, "n_hidden": 8}, "best_val_score": 128.90381744897076, "scores": [129.42693605515475], "mean": 129.42693605515475}, "Graphical LASSO (sklearn)": {"std": 0.0, "min": 114.10718700759662, "best_params": {"alpha": 0.3, "max_iter": 100, "mode": "lars"}, "best_val_score": 114.29704291480463, "scores": [114.10718700759662], "mean": 114.10718700759662}, "T-Corex (W)": {"std": 0.0, "min": 99.62592784630765, "best_params": {"max_iter": 500, "reg_type": "W", "l1": 0.001, "anneal": true, "nt": 10, "n_hidden": 8, "nv": 128}, "best_val_score": 99.21924877681998, "scores": [99.62592784630765], "mean": 99.62592784630765}, "T-Corex (W, weighted samples)": {"std": 0.0, "min": 96.81580215151891, "best_params": {"max_iter": 500, "init": true, "gamma": 2.5, "l1": 0.3, "anneal": true, "nt": 10, "n_hidden": 8, "nv": 128, "reg_type": "W"}, "best_val_score": 95.77758060698497, "scores": [96.81580215151891], "mean": 96.81580215151891}, "T-GLASSO (no reg)": {"std": 0.0, "min": 110.28872633410565, "best_params": {"lamb": 0.1, "beta": 0.0, "max_iter": 30, "indexOfPenalty": 1}, "best_val_score": 110.58700848860374, "scores": [110.28872633410565], "mean": 110.28872633410565}, "PCA": {"std": 0.0, "min": 153.79665480404853, "best_params": {"n_components": 8}, "best_val_score": 154.2327739962502, "scores": [153.79665480404853], "mean": 153.79665480404853}, "T-Corex (W, weighted samples, no init)": {"std": 0.0, "min": 100.46542576382333, "best_params": {"max_iter": 500, "init": false, "gamma": 2.5, "l1": 1.0, "anneal": true, "nt": 10, "n_hidden": 8, "nv": 128, "reg_type": "W"}, "best_val_score": 98.02483944029049, "scores": [100.46542576382333], "mean": 100.46542576382333}, "T-GLASSO": {"std": 0.0, "min": 97.5975929341561, "best_params": {"lamb": 0.03, "beta": 0.3, "max_iter": 30, "indexOfPenalty": 1}, "best_val_score": 96.9703982289975, "scores": [97.5975929341561], "mean": 97.5975929341561}, "T-Corex (Sigma)": {"std": 0.0, "min": 98.47603685781863, "best_params": {"max_iter": 500, "reg_type": "Sigma", "l1": 0.03, "anneal": true, "nt": 10, "n_hidden": 8, "nv": 128}, "best_val_score": 98.28844173148596, "scores": [98.47603685781863], "mean": 98.47603685781863}, "T-Corex + priors (W, method 2, weighted samples)": {"std": 0.0, "min": 96.66380724578627, "best_params": {"lamb": 0.99, "max_iter": 500, "init": true, "nv": 128, "l1": 0.3, "anneal": true, "nt": 10, "n_hidden": 8, "gamma": 2.5, "reg_type": "W"}, "best_val_score": 95.79318457512912, "scores": [96.66380724578627], "mean": 96.66380724578627}, "T-GLASSO (more iters)": {"std": 0.0, "min": 92.22579444954584, "best_params": {"lamb": 0.03, "beta": 0.3, "max_iter": 100, "indexOfPenalty": 1}, "best_val_score": 91.35240637750417, "scores": [92.22579444954584], "mean": 92.22579444954584}, "T-GLASSO (more iters, no reg)": {"std": 0.0, "min": 109.51144345984088, "best_params": {"lamb": 0.1, "beta": 0.0, "max_iter": 100, "indexOfPenalty": 1}, "best_val_score": 109.76600503863077, "scores": [109.51144345984088], "mean": 109.51144345984088}}