{"Ledoit-Wolf": {"std": 0.0, "min": 174.69957793221295, "best_params": {}, "best_val_score": {"std": 0.0, "min": 174.4679935160587, "scores": [174.4679935160587], "mean": 174.4679935160587}, "scores": [174.69957793221295], "mean": 174.69957793221295}, "Ground Truth": {"std": 0.0, "min": 115.7105442374789, "best_params": {}, "best_val_score": {"std": 0.0, "min": 115.7105442374789, "scores": [115.7105442374789], "mean": 115.7105442374789}, "scores": [115.7105442374789], "mean": 115.7105442374789}, "T-Corex + priors (W, method 2)": {"std": 0.0, "min": 145.2349516381496, "best_params": {"lamb": 0.9, "max_iter": 500, "init": true, "reg_type": "W", "l1": 1.0, "anneal": true, "nt": 10, "n_hidden": 32, "nv": 128}, "best_val_score": 144.67708778299357, "scores": [145.2349516381496], "mean": 145.2349516381496}, "T-Corex (MI)": {"std": 0.0, "min": 174.40175465975398, "best_params": {"max_iter": 500, "reg_type": "MI", "l1": 0.001, "anneal": true, "nt": 10, "n_hidden": 32, "nv": 128}, "best_val_score": 173.3530759129922, "scores": [174.40175465975398], "mean": 174.40175465975398}, "T-Corex + priors (W, method 1)": {"std": 0.0, "min": 147.05603603202857, "best_params": {"lamb": 0.9, "max_iter": 500, "init": true, "reg_type": "W", "l1": 0.01, "anneal": true, "nt": 10, "n_hidden": 32, "nv": 128}, "best_val_score": 147.1358031549625, "scores": [147.05603603202857], "mean": 147.05603603202857}, "T-Corex (WWT)": {"std": 0.0, "min": 174.2611377893471, "best_params": {"max_iter": 500, "reg_type": "WWT", "l1": 0.003, "anneal": true, "nt": 10, "n_hidden": 32, "nv": 128}, "best_val_score": 173.26012288805993, "scores": [174.2611377893471], "mean": 174.2611377893471}, "Linear CorEx (applied bucket-wise)": {"std": 0.0, "min": 166.41767884072857, "best_params": {"anneal": true, "max_iter": 500, "n_hidden": 32}, "best_val_score": 166.22713070835405, "scores": [166.41767884072857], "mean": 166.41767884072857}, "Factor Analysis": {"std": NaN, "min": Infinity, "best_params": {"n_components": 32}, "best_val_score": 1e+18, "scores": [Infinity], "mean": Infinity}, "Oracle approximating shrinkage": {"std": 0.0, "min": 174.38206403952358, "best_params": {}, "best_val_score": {"std": 0.0, "min": 174.3143114936751, "scores": [174.3143114936751], "mean": 174.3143114936751}, "scores": [174.38206403952358], "mean": 174.38206403952358}, "Diagonal": {"std": 0.0, "min": 187.18771586333105, "best_params": {}, "best_val_score": {"std": 0.0, "min": 187.86964741484167, "scores": [187.86964741484167], "mean": 187.86964741484167}, "scores": [187.18771586333105], "mean": 187.18771586333105}, "Linear CorEx (applied on whole data)": {"std": 0.0, "min": 147.90305486133195, "best_params": {"anneal": true, "max_iter": 500, "n_hidden": 32}, "best_val_score": 148.39166723828842, "scores": [147.90305486133195], "mean": 147.90305486133195}, "Graphical LASSO (sklearn)": {"std": 0.0, "min": 150.7208086276169, "best_params": {"alpha": 0.3, "max_iter": 100, "mode": "lars"}, "best_val_score": 150.187504124638, "scores": [150.7208086276169], "mean": 150.7208086276169}, "T-Corex (W)": {"std": 0.0, "min": 173.16875392974003, "best_params": {"max_iter": 500, "reg_type": "W", "l1": 0.03, "anneal": true, "nt": 10, "n_hidden": 32, "nv": 128}, "best_val_score": 173.14373687579857, "scores": [173.16875392974003], "mean": 173.16875392974003}, "T-Corex (W, weighted samples)": {"std": 0.0, "min": 138.41401510001762, "best_params": {"max_iter": 500, "init": true, "gamma": 2.0, "l1": 0.3, "anneal": true, "nt": 10, "n_hidden": 32, "nv": 128, "reg_type": "W"}, "best_val_score": 136.43648673410686, "scores": [138.41401510001762], "mean": 138.41401510001762}, "T-GLASSO (no reg)": {"std": 0.0, "min": 151.37317877975624, "best_params": {"lamb": 0.3, "beta": 0.0, "max_iter": 30, "indexOfPenalty": 1}, "best_val_score": 150.91555531742273, "scores": [151.37317877975624], "mean": 151.37317877975624}, "PCA": {"std": NaN, "min": Infinity, "best_params": {"n_components": 32}, "best_val_score": 1e+18, "scores": [Infinity], "mean": Infinity}, "T-Corex (W, weighted samples, no init)": {"std": 0.0, "min": 164.61994837174166, "best_params": {"max_iter": 500, "init": false, "gamma": 1.25, "l1": 1.0, "anneal": true, "nt": 10, "n_hidden": 32, "nv": 128, "reg_type": "W"}, "best_val_score": 164.96900230044037, "scores": [164.61994837174166], "mean": 164.61994837174166}, "T-GLASSO": {"std": 0.0, "min": 130.4220530996895, "best_params": {"lamb": 0.1, "beta": 0.3, "max_iter": 30, "indexOfPenalty": 1}, "best_val_score": 130.12222067347352, "scores": [130.4220530996895], "mean": 130.4220530996895}, "T-Corex (Sigma)": {"std": 0.0, "min": 174.36252311214653, "best_params": {"max_iter": 500, "reg_type": "Sigma", "l1": 0.003, "anneal": true, "nt": 10, "n_hidden": 32, "nv": 128}, "best_val_score": 173.34631641585915, "scores": [174.36252311214653], "mean": 174.36252311214653}, "T-Corex + priors (W, method 2, weighted samples)": {"std": 0.0, "min": 139.13267502753916, "best_params": {"lamb": 0.99, "max_iter": 500, "init": true, "nv": 128, "l1": 0.3, "anneal": true, "nt": 10, "n_hidden": 32, "gamma": 2.0, "reg_type": "W"}, "best_val_score": 138.03576330998038, "scores": [139.13267502753916], "mean": 139.13267502753916}}