{"Ledoit-Wolf": {"std": 0.0, "best_params": {}, "min": 126.12283780261956, "scores": [126.12283780261956], "mean": 126.12283780261956}, "Ground Truth": {"std": 0.0, "best_params": {}, "min": 77.09639195546022, "scores": [77.09639195546022], "mean": 77.09639195546022}, "Linear CorEx": {"std": 0.0, "best_params": {"anneal": true, "max_iter": 500, "n_hidden": 4}, "min": 140.13740323358746, "scores": [140.13740323358746], "mean": 140.13740323358746}, "Graphical LASSO": {"std": 0.0, "best_params": {"alpha": 1, "max_iter": 100, "mode": "lars"}, "min": 197.34265431920272, "scores": [197.34265431920272], "mean": 197.34265431920272}, "Time-Varying GLASSO (no reg)": {"std": 0.0, "best_params": {"lamb": 0.03, "beta": 0.0, "max_iter": 30, "indexOfPenalty": 1}, "min": 122.2156012830252, "scores": [122.2156012830252], "mean": 122.2156012830252}, "Time-Varying Linear CorEx (Sigma)": {"std": 0.0, "best_params": {"max_iter": 500, "l2": 0, "l1": 0.03, "anneal": true, "nt": 10, "n_hidden": 4, "nv": 128}, "min": 127.258671103612, "scores": [127.258671103612], "mean": 127.258671103612}, "Factor Analysis": {"std": 0.0, "best_params": {"n_components": 4}, "min": 3186.0429492333296, "scores": [3186.0429492333296], "mean": 3186.0429492333296}, "Oracle approximating shrinkage": {"std": 0.0, "best_params": {}, "min": 125.64012609865415, "scores": [125.64012609865415], "mean": 125.64012609865415}, "Diagonal": {"std": 0.0, "best_params": {}, "min": 209.100327374497, "scores": [209.100327374497], "mean": 209.100327374497}, "Time-Varying Linear CorEx (WWT)": {"std": 0.0, "best_params": {"max_iter": 500, "l2": 0, "l1": 1.0, "anneal": true, "nt": 10, "n_hidden": 4, "nv": 128}, "min": 118.08534218073528, "scores": [118.08534218073528], "mean": 118.08534218073528}, "Time-Varying Linear CorEx (W)": {"std": 0.0, "best_params": {"max_iter": 500, "l2": 0, "l1": 10.0, "anneal": true, "nt": 10, "n_hidden": 4, "nv": 128}, "min": 118.91948435309311, "scores": [118.91948435309311], "mean": 118.91948435309311}, "Time-Varying GLASSO": {"std": 0.0, "best_params": {"lamb": 0.03, "beta": 0.3, "max_iter": 30, "indexOfPenalty": 1}, "min": 92.47675747785425, "scores": [92.47675747785425], "mean": 92.47675747785425}, "PCA": {"std": 0.0, "best_params": {"n_components": 4}, "min": 178.49341114345242, "scores": [178.49341114345242], "mean": 178.49341114345242}, "Time-Varying Linear CorEx with Priors (W, method 1)": {"std": 0.0, "best_params": {"max_iter": 500, "l2": 0, "l1": 3.0, "anneal": true, "nt": 10, "n_hidden": 4, "nv": 128, "lambda": 0.0}, "min": 128.16467592049116, "scores": [128.16467592049116], "mean": 128.16467592049116}, "Time-Varying Linear CorEx with Priors (W, method 2)": {"std": 0.0, "min": 102.36232476383569, "best_params": {"max_iter": 500, "l2": 0, "l1": 0.3, "anneal": true, "nt": 10, "n_hidden": 4, "nv": 128, "lambda": 0.5}, "best_val_score": 102.29325645726972, "scores": [102.36232476383569], "mean": 102.36232476383569}}