{"Ledoit-Wolf": {"std": 0.0, "best_params": {}, "min": 165.31429704886267, "scores": [165.31429704886267], "mean": 165.31429704886267}, "Ground Truth": {"std": 0.0, "best_params": {}, "min": 115.44747920408663, "scores": [115.44747920408663], "mean": 115.44747920408663}, "Linear CorEx": {"std": 0.0, "best_params": {"anneal": true, "max_iter": 500, "n_hidden": 32}, "min": 136.9930556023892, "scores": [136.9930556023892], "mean": 136.9930556023892}, "Graphical LASSO": {"std": 0.0, "best_params": {"alpha": 0.1, "max_iter": 100, "mode": "lars"}, "min": 139.2119791934661, "scores": [139.2119791934661], "mean": 139.2119791934661}, "Time-Varying GLASSO (no reg)": {"std": 0.0, "best_params": {"lamb": 0.1, "beta": 0.0, "max_iter": 30, "indexOfPenalty": 1}, "min": 140.04153423842777, "scores": [140.04153423842777], "mean": 140.04153423842777}, "Time-Varying Linear CorEx (Sigma)": {"std": 0.0, "best_params": {"max_iter": 500, "l2": 0, "l1": 0.003, "anneal": true, "nt": 10, "n_hidden": 32, "nv": 128}, "min": 148.3545320404108, "scores": [148.3545320404108], "mean": 148.3545320404108}, "Factor Analysis": {"std": NaN, "best_params": {"n_components": 32}, "min": Infinity, "scores": [Infinity], "mean": Infinity}, "Oracle approximating shrinkage": {"std": 0.0, "best_params": {}, "min": 165.6774701534461, "scores": [165.6774701534461], "mean": 165.6774701534461}, "Diagonal": {"std": 0.0, "best_params": {}, "min": 183.98433644486437, "scores": [183.98433644486437], "mean": 183.98433644486437}, "Time-Varying Linear CorEx (WWT)": {"std": 0.0, "best_params": {"max_iter": 500, "l2": 0, "l1": 0, "anneal": true, "nt": 10, "n_hidden": 32, "nv": 128}, "min": 147.78662431925994, "scores": [147.78662431925994], "mean": 147.78662431925994}, "Time-Varying Linear CorEx (W)": {"std": 0.0, "best_params": {"max_iter": 500, "l2": 0, "l1": 0.01, "anneal": true, "nt": 10, "n_hidden": 32, "nv": 128}, "min": 149.5967455874255, "scores": [149.5967455874255], "mean": 149.5967455874255}, "Time-Varying GLASSO": {"std": 0.0, "best_params": {"lamb": 0.03, "beta": 0.3, "max_iter": 30, "indexOfPenalty": 1}, "min": 126.6564497390176, "scores": [126.6564497390176], "mean": 126.6564497390176}, "PCA": {"std": NaN, "best_params": {"n_components": 32}, "min": Infinity, "scores": [Infinity], "mean": Infinity}, "Time-Varying Linear CorEx with Priors (W, method 1)": {"std": 0.0, "best_params": {"max_iter": 500, "l2": 0, "l1": 0.1, "anneal": true, "nt": 10, "n_hidden": 32, "nv": 128, "lambda": 0.0}, "min": 133.02130865212158, "scores": [133.02130865212158], "mean": 133.02130865212158}, "Time-Varying Linear CorEx with Priors (W, method 2)": {"std": 0.0, "min": 134.2995253362402, "best_params": {"max_iter": 500, "l2": 0, "l1": 0.03, "anneal": true, "nt": 10, "n_hidden": 32, "nv": 128, "lambda": 0.0}, "best_val_score": 133.82771807298462, "scores": [134.2995253362402], "mean": 134.2995253362402}, "Time-Varying Linear CorEx with Priors (W, weights only)": {"std": 0.0, "min": 127.42931228269404, "best_params": {"max_iter": 500, "l2": 0, "gamma": 2.5, "l1": 0.3, "anneal": true, "nt": 10, "n_hidden": 32, "nv": 128}, "best_val_score": 128.63868642677636, "scores": [127.42931228269404], "mean": 127.42931228269404}, "Time-Varying Linear CorEx with Priors (W, weights)": {"std": 0.0, "min": 130.04412556484397, "best_params": {"max_iter": 500, "l2": 0, "gamma": 2.0, "l1": 0.3, "anneal": true, "nt": 10, "n_hidden": 32, "nv": 128, "lambda": 0.9}, "best_val_score": 127.64114838891415, "scores": [130.04412556484397], "mean": 130.04412556484397}}