{"Ledoit-Wolf": {"std": 0.0, "min": 160.1933462002548, "best_params": {}, "best_val_score": {"std": 0.0, "min": 160.88072836282257, "scores": [160.88072836282257], "mean": 160.88072836282257}, "scores": [160.1933462002548], "mean": 160.1933462002548}, "Ground Truth": {"std": 0.0, "min": 121.37192315009312, "best_params": {}, "best_val_score": {"std": 0.0, "min": 121.37192315009312, "scores": [121.37192315009312], "mean": 121.37192315009312}, "scores": [121.37192315009312], "mean": 121.37192315009312}, "T-Corex (W, weighted samples)": {"std": 0.0, "min": 130.8842759858595, "best_params": {"max_iter": 500, "init": true, "l2": 3.0, "nv": 128, "anneal": true, "nt": 10, "n_hidden": 8, "gamma": 2.0, "reg_type": "W"}, "best_val_score": 130.84309651506368, "scores": [130.8842759858595], "mean": 130.8842759858595}, "Linear CorEx (applied bucket-wise)": {"std": 0.0, "min": 147.6719208644602, "best_params": {"anneal": true, "max_iter": 500, "n_hidden": 8}, "best_val_score": 147.28171303299592, "scores": [147.6719208644602], "mean": 147.6719208644602}, "Factor Analysis": {"std": 0.0, "min": 469.15019861501503, "best_params": {"n_components": 8}, "best_val_score": 481.8700132380226, "scores": [469.15019861501503], "mean": 469.15019861501503}, "Oracle approximating shrinkage": {"std": 0.0, "min": 159.7770192719185, "best_params": {}, "best_val_score": {"std": 0.0, "min": 160.57474593562588, "scores": [160.57474593562588], "mean": 160.57474593562588}, "scores": [159.7770192719185], "mean": 159.7770192719185}, "Diagonal": {"std": 0.0, "min": 188.5628262452659, "best_params": {}, "best_val_score": {"std": 0.0, "min": 191.06756258416922, "scores": [191.06756258416922], "mean": 191.06756258416922}, "scores": [188.5628262452659], "mean": 188.5628262452659}, "Linear CorEx (applied on whole data)": {"std": 0.0, "min": 143.06318709228015, "best_params": {"anneal": true, "max_iter": 500, "n_hidden": 8}, "best_val_score": 142.41327703618344, "scores": [143.06318709228015], "mean": 143.06318709228015}, "Graphical LASSO (sklearn)": {"std": 0.0, "min": 150.10923704318301, "best_params": {"alpha": 0.3, "max_iter": 100, "mode": "lars"}, "best_val_score": 151.1117685259348, "scores": [150.10923704318301], "mean": 150.10923704318301}, "T-GLASSO (no reg)": {"std": 0.0, "min": 151.9112469598576, "best_params": {"lamb": 0.1, "beta": 0.0, "max_iter": 10, "indexOfPenalty": 2}, "best_val_score": 152.63672305504787, "scores": [151.9112469598576], "mean": 151.9112469598576}, "PCA": {"std": 0.0, "min": 196.85502459275386, "best_params": {"n_components": 8}, "best_val_score": 197.37444564741335, "scores": [196.85502459275386], "mean": 196.85502459275386}, "T-GLASSO": {"std": 0.0, "min": 150.36155991145887, "best_params": {"lamb": 0.1, "beta": 1.0, "max_iter": 10, "indexOfPenalty": 2}, "best_val_score": 151.0162054664845, "scores": [150.36155991145887], "mean": 150.36155991145887}, "T-Corex (W)": {"std": 0.0, "min": 147.3001172372257, "best_params": {"max_iter": 500, "l2": 0.03, "reg_type": "W", "anneal": true, "nt": 10, "n_hidden": 8, "nv": 128}, "best_val_score": 147.26914913864897, "scores": [147.3001172372257], "mean": 147.3001172372257}, "T-Corex (W, L1, weighted samples)": {"std": 0.0, "min": 130.2003490265152, "best_params": {"max_iter": 500, "init": true, "gamma": 2.0, "l1": 0.3, "anneal": true, "nt": 10, "n_hidden": 8, "nv": 128, "reg_type": "W"}, "best_val_score": 129.95891582124324, "scores": [130.2003490265152], "mean": 130.2003490265152}, "T-Corex (W, L1)": {"std": 0.0, "min": 145.6764613359659, "best_params": {"max_iter": 500, "reg_type": "W", "l1": 1.0, "anneal": true, "nt": 10, "n_hidden": 8, "nv": 128}, "best_val_score": 145.85086813241915, "scores": [145.6764613359659], "mean": 145.6764613359659}, "T-GLASSO (L1)": {"std": 0.0, "min": 133.59772391334982, "best_params": {"lamb": 0.1, "beta": 0.3, "max_iter": 100, "indexOfPenalty": 1}, "best_val_score": 133.40780824257217, "scores": [133.59772391334982], "mean": 133.59772391334982}}