{"Ledoit-Wolf": {"std": 0.0, "min": 101.97498090566384, "best_params": {}, "best_val_score": {"std": 0.0, "min": 101.37671284056705, "scores": [101.37671284056705], "mean": 101.37671284056705}, "scores": [101.97498090566384], "mean": 101.97498090566384}, "Ground Truth": {"std": 0.0, "min": 77.1312451703265, "best_params": {}, "best_val_score": {"std": 0.0, "min": 77.1312451703265, "scores": [77.1312451703265], "mean": 77.1312451703265}, "scores": [77.1312451703265], "mean": 77.1312451703265}, "T-Corex + priors (W, method 2)": {"std": 0.0, "min": 78.29363956648501, "best_params": {"lamb": 0.0, "max_iter": 500, "init": true, "reg_type": "W", "l1": 0.1, "anneal": true, "nt": 10, "n_hidden": 4, "nv": 128}, "best_val_score": 78.1840212758964, "scores": [78.29363956648501], "mean": 78.29363956648501}, "T-Corex + priors (W, method 2, weighted samples)": {"std": 0.0, "min": 78.28634352895355, "best_params": {"lamb": 0.5, "max_iter": 500, "init": true, "nv": 128, "l1": 0.01, "anneal": true, "nt": 10, "n_hidden": 4, "gamma": 100000.0, "reg_type": "W"}, "best_val_score": 78.19657908282264, "scores": [78.28634352895355], "mean": 78.28634352895355}, "T-Corex + priors (W, method 1)": {"std": 0.0, "min": 78.30196125159931, "best_params": {"lamb": 0.0, "max_iter": 500, "init": true, "reg_type": "W", "l1": 0.03, "anneal": true, "nt": 10, "n_hidden": 4, "nv": 128}, "best_val_score": 78.1991905788246, "scores": [78.30196125159931], "mean": 78.30196125159931}, "Linear CorEx (applied bucket-wise)": {"std": 0.0, "min": 78.31347162792706, "best_params": {"anneal": true, "max_iter": 500, "n_hidden": 4}, "best_val_score": 78.21775374467786, "scores": [78.31347162792706], "mean": 78.31347162792706}, "Factor Analysis": {"std": 0.0, "min": 80.01815548339144, "best_params": {"n_components": 4}, "best_val_score": 79.98988782090967, "scores": [80.01815548339144], "mean": 80.01815548339144}, "Oracle approximating shrinkage": {"std": 0.0, "min": 101.16682862470228, "best_params": {}, "best_val_score": {"std": 0.0, "min": 100.51895935405165, "scores": [100.51895935405165], "mean": 100.51895935405165}, "scores": [101.16682862470228], "mean": 101.16682862470228}, "Diagonal": {"std": 0.0, "min": 182.15339213577278, "best_params": {}, "best_val_score": {"std": 0.0, "min": 183.40904671910243, "scores": [183.40904671910243], "mean": 183.40904671910243}, "scores": [182.15339213577278], "mean": 182.15339213577278}, "Linear CorEx (applied on whole data)": {"std": 0.0, "min": 133.29931351241015, "best_params": {"anneal": true, "max_iter": 500, "n_hidden": 4}, "best_val_score": 130.49298698157753, "scores": [133.29931351241015], "mean": 133.29931351241015}, "Graphical LASSO (sklearn)": {"std": 0.0, "min": 101.27230763891596, "best_params": {"alpha": 0.3, "max_iter": 100, "mode": "lars"}, "best_val_score": 101.28439947083409, "scores": [101.27230763891596], "mean": 101.27230763891596}, "T-Corex (W, weighted samples)": {"std": 0.0, "min": 78.29467184125029, "best_params": {"max_iter": 500, "init": true, "gamma": 100000.0, "l1": 0.3, "anneal": true, "nt": 10, "n_hidden": 4, "nv": 128, "reg_type": "W"}, "best_val_score": 78.19635529551928, "scores": [78.29467184125029], "mean": 78.29467184125029}, "T-GLASSO (no reg)": {"std": 0.0, "min": 86.78230377386511, "best_params": {"lamb": 0.01, "beta": 0.0, "max_iter": 30, "indexOfPenalty": 1}, "best_val_score": 86.73846303309915, "scores": [86.78230377386511], "mean": 86.78230377386511}, "PCA": {"std": 0.0, "min": 79.31186850759266, "best_params": {"n_components": 4}, "best_val_score": 79.28366269943255, "scores": [79.31186850759266], "mean": 79.31186850759266}, "T-Corex (W, weighted samples, no init)": {"std": 0.0, "min": 78.32896406087961, "best_params": {"max_iter": 500, "init": false, "gamma": 100000.0, "l1": 0.03, "anneal": true, "nt": 10, "n_hidden": 4, "nv": 128, "reg_type": "W"}, "best_val_score": 78.2303725258109, "scores": [78.32896406087961], "mean": 78.32896406087961}, "T-GLASSO": {"std": 0.0, "min": 85.88634479268151, "best_params": {"lamb": 0.01, "beta": 0.03, "max_iter": 30, "indexOfPenalty": 1}, "best_val_score": 85.87171361108759, "scores": [85.88634479268151], "mean": 85.88634479268151}, "T-Corex (W)": {"std": 0.0, "min": 78.34404094699633, "best_params": {"max_iter": 500, "reg_type": "W", "l1": 0, "anneal": true, "nt": 10, "n_hidden": 4, "nv": 128}, "best_val_score": 78.24305234637423, "scores": [78.34404094699633], "mean": 78.34404094699633}}