{"Ledoit-Wolf": {"std": 0.0, "min": 109.30003360805362, "best_params": {}, "best_val_score": {"std": 0.0, "min": 109.41553379402508, "scores": [109.41553379402508], "mean": 109.41553379402508}, "scores": [109.30003360805362], "mean": 109.30003360805362}, "Ground Truth": {"std": 0.0, "min": 84.31291681920155, "best_params": {}, "best_val_score": {"std": 0.0, "min": 84.31291681920155, "scores": [84.31291681920155], "mean": 84.31291681920155}, "scores": [84.31291681920155], "mean": 84.31291681920155}, "T-Corex + priors (W, method 2)": {"std": 0.0, "min": 90.36439301455816, "best_params": {"lamb": 0.0, "max_iter": 500, "init": true, "reg_type": "W", "l1": 0.1, "anneal": true, "nt": 10, "n_hidden": 8, "nv": 128}, "best_val_score": 90.01353207212244, "scores": [90.36439301455816], "mean": 90.36439301455816}, "T-Corex (MI)": {"std": 0.0, "min": 90.26240856300663, "best_params": {"max_iter": 500, "reg_type": "MI", "l1": 0.3, "anneal": true, "nt": 10, "n_hidden": 8, "nv": 128}, "best_val_score": 90.08592056723764, "scores": [90.26240856300663], "mean": 90.26240856300663}, "T-Corex + priors (W, method 1)": {"std": 0.0, "min": 90.36152037814377, "best_params": {"lamb": 0.0, "max_iter": 500, "init": true, "reg_type": "W", "l1": 0.1, "anneal": true, "nt": 10, "n_hidden": 8, "nv": 128}, "best_val_score": 90.02625413731714, "scores": [90.36152037814377], "mean": 90.36152037814377}, "T-Corex (WWT)": {"std": 0.0, "min": 91.65871486716962, "best_params": {"max_iter": 500, "reg_type": "WWT", "l1": 0.03, "anneal": true, "nt": 10, "n_hidden": 8, "nv": 128}, "best_val_score": 90.00901556758569, "scores": [91.65871486716962], "mean": 91.65871486716962}, "Linear CorEx (applied bucket-wise)": {"std": 0.0, "min": 90.37234532964146, "best_params": {"anneal": true, "max_iter": 500, "n_hidden": 8}, "best_val_score": 90.1002981930288, "scores": [90.37234532964146], "mean": 90.37234532964146}, "Factor Analysis": {"std": 0.0, "min": 123.39560963837236, "best_params": {"n_components": 8}, "best_val_score": 123.78155406485891, "scores": [123.39560963837236], "mean": 123.39560963837236}, "Oracle approximating shrinkage": {"std": 0.0, "min": 109.85961342823029, "best_params": {}, "best_val_score": {"std": 0.0, "min": 109.99184162408703, "scores": [109.99184162408703], "mean": 109.99184162408703}, "scores": [109.85961342823029], "mean": 109.85961342823029}, "Diagonal": {"std": 0.0, "min": 184.93511076917352, "best_params": {}, "best_val_score": {"std": 0.0, "min": 184.67595241642624, "scores": [184.67595241642624], "mean": 184.67595241642624}, "scores": [184.93511076917352], "mean": 184.93511076917352}, "Linear CorEx (applied on whole data)": {"std": 0.0, "min": 125.40505531309695, "best_params": {"anneal": true, "max_iter": 500, "n_hidden": 8}, "best_val_score": 125.45989011706574, "scores": [125.40505531309695], "mean": 125.40505531309695}, "Graphical LASSO (sklearn)": {"std": 0.0, "min": 109.91432589595311, "best_params": {"alpha": 0.3, "max_iter": 100, "mode": "lars"}, "best_val_score": 109.74570191434164, "scores": [109.91432589595311], "mean": 109.91432589595311}, "T-Corex (W)": {"std": 0.0, "min": 90.59028681300995, "best_params": {"max_iter": 500, "reg_type": "W", "l1": 0.01, "anneal": true, "nt": 10, "n_hidden": 8, "nv": 128}, "best_val_score": 90.29191678992294, "scores": [90.59028681300995], "mean": 90.59028681300995}, "T-Corex (W, weighted samples)": {"std": 0.0, "min": 90.31669834363939, "best_params": {"max_iter": 500, "init": true, "gamma": 100000.0, "l1": 0.1, "anneal": true, "nt": 10, "n_hidden": 8, "nv": 128, "reg_type": "W"}, "best_val_score": 90.1072844708984, "scores": [90.31669834363939], "mean": 90.31669834363939}, "T-GLASSO (no reg)": {"std": 0.0, "min": 101.14742901687227, "best_params": {"lamb": 0.1, "beta": 0.0, "max_iter": 30, "indexOfPenalty": 1}, "best_val_score": 101.17072011367694, "scores": [101.14742901687227], "mean": 101.14742901687227}, "PCA": {"std": 0.0, "min": 124.02455416943624, "best_params": {"n_components": 8}, "best_val_score": 124.11497742385104, "scores": [124.02455416943624], "mean": 124.02455416943624}, "T-Corex (W, weighted samples, no init)": {"std": 0.0, "min": 92.73906624503704, "best_params": {"max_iter": 500, "init": false, "gamma": 100000.0, "l1": 0, "anneal": true, "nt": 10, "n_hidden": 8, "nv": 128, "reg_type": "W"}, "best_val_score": 90.1918143699207, "scores": [92.73906624503704], "mean": 92.73906624503704}, "T-GLASSO": {"std": 0.0, "min": 95.62645209774084, "best_params": {"lamb": 0.03, "beta": 0.1, "max_iter": 30, "indexOfPenalty": 1}, "best_val_score": 95.6134849005912, "scores": [95.62645209774084], "mean": 95.62645209774084}, "T-Corex (Sigma)": {"std": 0.0, "min": 90.31091932595089, "best_params": {"max_iter": 500, "reg_type": "Sigma", "l1": 0.03, "anneal": true, "nt": 10, "n_hidden": 8, "nv": 128}, "best_val_score": 90.03778938986724, "scores": [90.31091932595089], "mean": 90.31091932595089}, "T-Corex + priors (W, method 2, weighted samples)": {"std": 0.0, "min": 90.15640104412591, "best_params": {"lamb": 0.5, "max_iter": 500, "init": true, "nv": 128, "l1": 0.3, "anneal": true, "nt": 10, "n_hidden": 8, "gamma": 100000.0, "reg_type": "W"}, "best_val_score": 89.93952169649883, "scores": [90.15640104412591], "mean": 90.15640104412591}}