{"Ledoit-Wolf": {"std": 0.0, "best_params": {}, "min": 185.04325812530135, "scores": [185.04325812530135], "mean": 185.04325812530135}, "Ground Truth": {"std": 0.0, "best_params": {}, "min": 115.64594222906587, "scores": [115.64594222906587], "mean": 115.64594222906587}, "Linear CorEx": {"std": 0.0, "best_params": {"anneal": true, "max_iter": 500, "n_hidden": 32}, "min": 213.38633460488577, "scores": [213.38633460488577], "mean": 213.38633460488577}, "Graphical LASSO": {"std": 0.0, "best_params": {"alpha": 1, "max_iter": 100, "mode": "lars"}, "min": 200.4019020738478, "scores": [200.4019020738478], "mean": 200.4019020738478}, "Time-Varying GLASSO (no reg)": {"std": 0.0, "best_params": {"lamb": 0.3, "beta": 0.0, "max_iter": 30, "indexOfPenalty": 1}, "min": 185.27660069176898, "scores": [185.27660069176898], "mean": 185.27660069176898}, "Time-Varying Linear CorEx (Sigma)": {"std": 0.0, "best_params": {"max_iter": 500, "l2": 0, "l1": 10.0, "anneal": true, "nt": 10, "n_hidden": 32, "nv": 128}, "min": 199.68052825276266, "scores": [199.68052825276266], "mean": 199.68052825276266}, "Factor Analysis": {"std": NaN, "best_params": {"n_components": 32}, "min": Infinity, "scores": [Infinity], "mean": Infinity}, "Oracle approximating shrinkage": {"std": 0.0, "best_params": {}, "min": 180.51561099862872, "scores": [180.51561099862872], "mean": 180.51561099862872}, "Diagonal": {"std": 0.0, "best_params": {}, "min": 203.85252104205898, "scores": [203.85252104205898], "mean": 203.85252104205898}, "Time-Varying Linear CorEx (WWT)": {"std": 0.0, "best_params": {"max_iter": 500, "l2": 0, "l1": 0, "anneal": true, "nt": 10, "n_hidden": 32, "nv": 128}, "min": 203.1569956165815, "scores": [203.1569956165815], "mean": 203.1569956165815}, "Time-Varying Linear CorEx (W)": {"std": 0.0, "best_params": {"max_iter": 500, "l2": 0, "l1": 0, "anneal": true, "nt": 10, "n_hidden": 32, "nv": 128}, "min": 202.84009675158723, "scores": [202.84009675158723], "mean": 202.84009675158723}, "Time-Varying GLASSO": {"std": 0.0, "best_params": {"lamb": 0.1, "beta": 0.3, "max_iter": 30, "indexOfPenalty": 1}, "min": 140.80938922788823, "scores": [140.80938922788823], "mean": 140.80938922788823}, "PCA": {"std": NaN, "best_params": {"n_components": 32}, "min": Infinity, "scores": [Infinity], "mean": Infinity}}