{"Ledoit-Wolf": {"std": 0.0, "min": 170.73929555923672, "best_params": {}, "best_val_score": {"std": 0.0, "min": 169.9073931350547, "scores": [169.9073931350547], "mean": 169.9073931350547}, "scores": [170.73929555923672], "mean": 170.73929555923672}, "Ground Truth": {"std": 0.0, "min": 145.77446684291357, "best_params": {}, "best_val_score": {"std": 0.0, "min": 145.77446684291357, "scores": [145.77446684291357], "mean": 145.77446684291357}, "scores": [145.77446684291357], "mean": 145.77446684291357}, "T-Corex (W, L2, weighted samples)": {"std": 0.0, "min": 151.86106375616595, "best_params": {"max_iter": 500, "init": true, "l2": 1.0, "nv": 128, "anneal": true, "nt": 10, "n_hidden": 32, "gamma": 2.5, "reg_type": "W"}, "best_val_score": 151.70110144533282, "scores": [151.86106375616595], "mean": 151.86106375616595}, "Linear CorEx (applied bucket-wise)": {"std": 0.0, "min": 156.91628875820135, "best_params": {"anneal": true, "max_iter": 500, "n_hidden": 32}, "best_val_score": 156.86096220704513, "scores": [156.91628875820135], "mean": 156.91628875820135}, "Factor Analysis": {"std": 0.0, "min": 279.0130098728442, "best_params": {"n_components": 32}, "best_val_score": 274.5797033948516, "scores": [279.0130098728442], "mean": 279.0130098728442}, "Oracle approximating shrinkage": {"std": 0.0, "min": 170.77876895744328, "best_params": {}, "best_val_score": {"std": 0.0, "min": 169.94646500023026, "scores": [169.94646500023026], "mean": 169.94646500023026}, "scores": [170.77876895744328], "mean": 170.77876895744328}, "Diagonal": {"std": 0.0, "min": 182.72821474387354, "best_params": {}, "best_val_score": {"std": 0.0, "min": 182.36074444737952, "scores": [182.36074444737952], "mean": 182.36074444737952}, "scores": [182.72821474387354], "mean": 182.72821474387354}, "Linear CorEx (applied on whole data)": {"std": 0.0, "min": 160.9051071994199, "best_params": {"anneal": true, "max_iter": 500, "n_hidden": 32}, "best_val_score": 160.59829624728056, "scores": [160.9051071994199], "mean": 160.9051071994199}, "Graphical LASSO (sklearn)": {"std": 0.0, "min": 157.64415323770896, "best_params": {"alpha": 0.1, "max_iter": 100, "mode": "lars"}, "best_val_score": 157.81266126227484, "scores": [157.64415323770896], "mean": 157.64415323770896}, "T-GLASSO (no reg)": {"std": 0.0, "min": 161.87335854269742, "best_params": {"lamb": 0.1, "beta": 0.0, "max_iter": 10, "indexOfPenalty": 2}, "best_val_score": 161.82645974800351, "scores": [161.87335854269742], "mean": 161.87335854269742}, "PCA": {"std": 0.0, "min": 175.25803969802112, "best_params": {"n_components": 32}, "best_val_score": 173.17521857933895, "scores": [175.25803969802112], "mean": 175.25803969802112}, "T-GLASSO (L2)": {"std": 0.0, "min": 161.78768999120416, "best_params": {"lamb": 0.1, "beta": 1.0, "max_iter": 10, "indexOfPenalty": 2}, "best_val_score": 161.64024612786562, "scores": [161.78768999120416], "mean": 161.78768999120416}, "T-Corex (W, L2)": {"std": 0.0, "min": 160.45206235026137, "best_params": {"max_iter": 500, "l2": 0, "reg_type": "W", "anneal": true, "nt": 10, "n_hidden": 32, "nv": 128}, "best_val_score": 159.75639832020374, "scores": [160.45206235026137], "mean": 160.45206235026137}, "T-Corex (W, L1, weighted samples)": {"std": 0.0, "min": 151.208219300034, "best_params": {"max_iter": 500, "init": true, "gamma": 2.0, "l1": 0.1, "anneal": true, "nt": 10, "n_hidden": 32, "nv": 128, "reg_type": "W"}, "best_val_score": 151.18202839541186, "scores": [151.208219300034], "mean": 151.208219300034}, "T-Corex (W, L1)": {"std": 0.0, "min": 160.01824725344295, "best_params": {"max_iter": 500, "reg_type": "W", "l1": 0.001, "anneal": true, "nt": 10, "n_hidden": 32, "nv": 128}, "best_val_score": 159.51341964711565, "scores": [160.01824725344295], "mean": 160.01824725344295}, "T-GLASSO (L1)": {"std": 0.0, "min": 152.3161950325172, "best_params": {"lamb": 0.1, "beta": 0.1, "max_iter": 100, "indexOfPenalty": 1}, "best_val_score": 152.4762071091904, "scores": [152.3161950325172], "mean": 152.3161950325172}}