{"Ledoit-Wolf": {"std": 0.0, "min": 154.72951233557993, "best_params": {}, "best_val_score": {"std": 0.0, "min": 153.52804948569678, "scores": [153.52804948569678], "mean": 153.52804948569678}, "scores": [154.72951233557993], "mean": 154.72951233557993}, "Ground Truth": {"std": 0.0, "min": 84.51137984418081, "best_params": {}, "best_val_score": {"std": 0.0, "min": 84.51137984418081, "scores": [84.51137984418081], "mean": 84.51137984418081}, "scores": [84.51137984418081], "mean": 84.51137984418081}, "T-Corex + priors (W, method 2)": {"std": 0.0, "min": 118.12383842234564, "best_params": {"lamb": 0.5, "max_iter": 500, "init": true, "reg_type": "W", "l1": 1.0, "anneal": true, "nt": 10, "n_hidden": 8, "nv": 128}, "best_val_score": 118.08601125924902, "scores": [118.12383842234564], "mean": 118.12383842234564}, "T-Corex (MI)": {"std": 0.0, "min": 169.9531639700508, "best_params": {"max_iter": 500, "reg_type": "MI", "l1": 0, "anneal": true, "nt": 10, "n_hidden": 8, "nv": 128}, "best_val_score": 168.54608884573628, "scores": [169.9531639700508], "mean": 169.9531639700508}, "T-Corex + priors (W, method 1)": {"std": 0.0, "min": 125.62272837782182, "best_params": {"lamb": 0.9, "max_iter": 500, "init": true, "reg_type": "W", "l1": 0, "anneal": true, "nt": 10, "n_hidden": 8, "nv": 128}, "best_val_score": 125.61671915028901, "scores": [125.62272837782182], "mean": 125.62272837782182}, "T-Corex (WWT)": {"std": 0.0, "min": 161.37205520290573, "best_params": {"max_iter": 500, "reg_type": "WWT", "l1": 0.1, "anneal": true, "nt": 10, "n_hidden": 8, "nv": 128}, "best_val_score": 156.52426241559942, "scores": [161.37205520290573], "mean": 161.37205520290573}, "Linear CorEx (applied bucket-wise)": {"std": 0.0, "min": 170.6537886060104, "best_params": {"anneal": true, "max_iter": 500, "n_hidden": 8}, "best_val_score": 175.04583111061078, "scores": [170.6537886060104], "mean": 170.6537886060104}, "Factor Analysis": {"std": NaN, "min": Infinity, "best_params": {"n_components": 8}, "best_val_score": 1e+18, "scores": [Infinity], "mean": Infinity}, "Oracle approximating shrinkage": {"std": 0.0, "min": 153.2859934802589, "best_params": {}, "best_val_score": {"std": 0.0, "min": 152.13616774788483, "scores": [152.13616774788483], "mean": 152.13616774788483}, "scores": [153.2859934802589], "mean": 153.2859934802589}, "Diagonal": {"std": 0.0, "min": 208.86160701495905, "best_params": {}, "best_val_score": {"std": 0.0, "min": 209.85903681493573, "scores": [209.85903681493573], "mean": 209.85903681493573}, "scores": [208.86160701495905], "mean": 208.86160701495905}, "Linear CorEx (applied on whole data)": {"std": 0.0, "min": 127.5138777476684, "best_params": {"anneal": true, "max_iter": 500, "n_hidden": 8}, "best_val_score": 127.84051673531235, "scores": [127.5138777476684], "mean": 127.5138777476684}, "Graphical LASSO (sklearn)": {"std": 0.0, "min": 199.73522421626487, "best_params": {"alpha": 1, "max_iter": 100, "mode": "lars"}, "best_val_score": 201.31405940333207, "scores": [199.73522421626487], "mean": 199.73522421626487}, "T-Corex (W)": {"std": 0.0, "min": 160.74775157153567, "best_params": {"max_iter": 500, "reg_type": "W", "l1": 1.0, "anneal": true, "nt": 10, "n_hidden": 8, "nv": 128}, "best_val_score": 165.49212807138503, "scores": [160.74775157153567], "mean": 160.74775157153567}, "T-Corex (W, weighted samples)": {"std": 0.0, "min": 104.28146931063013, "best_params": {"max_iter": 500, "init": true, "gamma": 2.0, "l1": 1.0, "anneal": true, "nt": 10, "n_hidden": 8, "nv": 128, "reg_type": "W"}, "best_val_score": 104.07284827051532, "scores": [104.28146931063013], "mean": 104.28146931063013}, "T-GLASSO (no reg)": {"std": 0.0, "min": 147.6886681735371, "best_params": {"lamb": 0.3, "beta": 0.0, "max_iter": 30, "indexOfPenalty": 1}, "best_val_score": 147.02567639509044, "scores": [147.6886681735371], "mean": 147.6886681735371}, "PCA": {"std": NaN, "min": Infinity, "best_params": {"n_components": 8}, "best_val_score": 1e+18, "scores": [Infinity], "mean": Infinity}, "T-Corex (W, weighted samples, no init)": {"std": 0.0, "min": 119.03929421792483, "best_params": {"max_iter": 500, "init": false, "gamma": 1.25, "l1": 3.0, "anneal": true, "nt": 10, "n_hidden": 8, "nv": 128, "reg_type": "W"}, "best_val_score": 115.16365998736191, "scores": [119.03929421792483], "mean": 119.03929421792483}, "T-GLASSO": {"std": 0.0, "min": 103.61072533865999, "best_params": {"lamb": 0.03, "beta": 0.3, "max_iter": 30, "indexOfPenalty": 1}, "best_val_score": 103.23365923074849, "scores": [103.61072533865999], "mean": 103.61072533865999}, "T-Corex (Sigma)": {"std": 0.0, "min": 160.90513512869185, "best_params": {"max_iter": 500, "reg_type": "Sigma", "l1": 0.03, "anneal": true, "nt": 10, "n_hidden": 8, "nv": 128}, "best_val_score": 163.40342091655143, "scores": [160.90513512869185], "mean": 160.90513512869185}, "T-Corex + priors (W, method 2, weighted samples)": {"std": 0.0, "min": 104.4543657186405, "best_params": {"lamb": 0.99, "max_iter": 500, "init": true, "nv": 128, "l1": 0.3, "anneal": true, "nt": 10, "n_hidden": 8, "gamma": 2.0, "reg_type": "W"}, "best_val_score": 104.17405858627517, "scores": [104.4543657186405], "mean": 104.4543657186405}, "T-GLASSO (more iters)": {"std": 0.0, "min": 98.81598359905855, "best_params": {"lamb": 0.1, "beta": 1.0, "max_iter": 100, "indexOfPenalty": 1}, "best_val_score": 98.70965866249576, "scores": [98.81598359905855], "mean": 98.81598359905855}, "T-GLASSO (more iters, no reg)": {"std": 0.0, "min": 153.03662572433495, "best_params": {"lamb": 0.3, "beta": 0.0, "max_iter": 100, "indexOfPenalty": 1}, "best_val_score": 152.8057440334389, "scores": [153.03662572433495], "mean": 153.03662572433495}}