{"Ledoit-Wolf": {"std": 0.0, "min": 180.50712394137642, "best_params": {}, "best_window": 12, "scores": [180.50712394137642], "mean": 180.50712394137642}, "Ground Truth": {"std": 0.0, "min": 148.9349852884596, "best_params": {}, "best_window": 4, "scores": [148.9349852884596], "mean": 148.9349852884596}, "Linear CorEx": {"std": 0.0, "min": 182.76383634929863, "best_params": {"anneal": true, "max_iter": 500, "n_hidden": 32}, "best_window": 12, "scores": [182.76383634929863], "mean": 182.76383634929863}, "Graphical LASSO": {"std": 0.0, "min": 173.79948260178452, "best_params": {"alpha": 0.3, "max_iter": 100, "mode": "lars"}, "best_window": 12, "scores": [173.79948260178452], "mean": 173.79948260178452}, "Time-Varying GLASSO (no reg)": {"std": 0.0, "min": 174.09305225736063, "best_params": {"lamb": 0.3, "beta": 0.0, "max_iter": 30, "indexOfPenalty": 1}, "best_window": 12, "scores": [174.09305225736063], "mean": 174.09305225736063}, "Time-Varying Linear CorEx (Sigma)": {"std": 0.0, "min": 189.75909952807962, "best_params": {"max_iter": 500, "l2": 0, "l1": 3.0, "anneal": true, "nt": 30, "n_hidden": 32, "nv": 128}, "best_window": 8, "scores": [189.75909952807962], "mean": 189.75909952807962}, "Factor Analysis": {"std": NaN, "min": Infinity, "best_params": {"n_components": 32}, "best_window": 4, "scores": [Infinity], "mean": Infinity}, "Oracle approximating shrinkage": {"std": 0.0, "min": 180.30361601962463, "best_params": {}, "best_window": 12, "scores": [180.30361601962463], "mean": 180.30361601962463}, "Diagonal": {"std": 0.0, "min": 184.466249910018, "best_params": {}, "best_window": 12, "scores": [184.466249910018], "mean": 184.466249910018}, "Time-Varying Linear CorEx (WWT)": {"std": 0.0, "min": 184.0235820232121, "best_params": {"max_iter": 500, "l2": 0, "l1": 10.0, "anneal": true, "nt": 30, "n_hidden": 32, "nv": 128}, "best_window": 12, "scores": [184.0235820232121], "mean": 184.0235820232121}, "Time-Varying Linear CorEx (W)": {"std": 0.0, "min": 184.6023714177551, "best_params": {"max_iter": 500, "l2": 0, "l1": 10.0, "anneal": true, "nt": 30, "n_hidden": 32, "nv": 128}, "best_window": 12, "scores": [184.6023714177551], "mean": 184.6023714177551}, "Time-Varying GLASSO": {"std": 0.0, "min": 265.7541087126134, "best_params": {"lamb": 0.01, "beta": 0.3, "max_iter": 30, "indexOfPenalty": 1}, "best_window": 4, "scores": [265.7541087126134], "mean": 265.7541087126134}, "PCA": {"std": NaN, "min": Infinity, "best_params": {"n_components": 32}, "best_window": 4, "scores": [Infinity], "mean": Infinity}}