{"Ledoit-Wolf": {"std": 0.0, "min": 188.13845696785597, "best_params": {}, "best_val_score": {"std": 0.0, "min": 187.265648349941, "scores": [187.265648349941], "mean": 187.265648349941}, "scores": [188.13845696785597], "mean": 188.13845696785597}, "Ground Truth": {"std": 0.0, "min": 145.8859045967818, "best_params": {}, "best_val_score": {"std": 0.0, "min": 145.8859045967818, "scores": [145.8859045967818], "mean": 145.8859045967818}, "scores": [145.8859045967818], "mean": 145.8859045967818}, "T-Corex (W, L2, weighted samples)": {"std": 0.0, "min": 173.1702418400736, "best_params": {"max_iter": 500, "init": true, "l2": 10.0, "nv": 128, "anneal": true, "nt": 10, "n_hidden": 32, "gamma": 1.25, "reg_type": "W"}, "best_val_score": 172.44448836769772, "scores": [173.1702418400736], "mean": 173.1702418400736}, "Linear CorEx (applied bucket-wise)": {"std": 0.0, "min": 227.14440692325894, "best_params": {"anneal": true, "max_iter": 500, "n_hidden": 32}, "best_val_score": 226.42397441891944, "scores": [227.14440692325894], "mean": 227.14440692325894}, "Factor Analysis": {"std": NaN, "min": Infinity, "best_params": {"n_components": 32}, "best_val_score": 1e+18, "scores": [Infinity], "mean": Infinity}, "Oracle approximating shrinkage": {"std": 0.0, "min": 183.08071673426107, "best_params": {}, "best_val_score": {"std": 0.0, "min": 182.28223213909328, "scores": [182.28223213909328], "mean": 182.28223213909328}, "scores": [183.08071673426107], "mean": 183.08071673426107}, "Diagonal": {"std": 0.0, "min": 206.22892867339442, "best_params": {}, "best_val_score": {"std": 0.0, "min": 207.19532232390003, "scores": [207.19532232390003], "mean": 207.19532232390003}, "scores": [206.22892867339442], "mean": 206.22892867339442}, "Linear CorEx (applied on whole data)": {"std": 0.0, "min": 169.94832438494717, "best_params": {"anneal": true, "max_iter": 500, "n_hidden": 32}, "best_val_score": 170.43386752537145, "scores": [169.94832438494717], "mean": 169.94832438494717}, "Graphical LASSO (sklearn)": {"std": 0.0, "min": 204.47552659196066, "best_params": {"alpha": 1, "max_iter": 100, "mode": "lars"}, "best_val_score": 205.5311653963754, "scores": [204.47552659196066], "mean": 204.47552659196066}, "T-GLASSO (no reg)": {"std": 0.0, "min": 184.5833969873416, "best_params": {"lamb": 0.3, "beta": 0.0, "max_iter": 10, "indexOfPenalty": 2}, "best_val_score": 184.01013105377416, "scores": [184.5833969873416], "mean": 184.5833969873416}, "PCA": {"std": NaN, "min": Infinity, "best_params": {"n_components": 32}, "best_val_score": 1e+18, "scores": [Infinity], "mean": Infinity}, "T-GLASSO (L2)": {"std": 0.0, "min": 183.54447320828325, "best_params": {"lamb": 0.3, "beta": 1.0, "max_iter": 10, "indexOfPenalty": 2}, "best_val_score": 182.99863190830314, "scores": [183.54447320828325], "mean": 183.54447320828325}, "T-Corex (W, L2)": {"std": 0.0, "min": 211.07237449510572, "best_params": {"max_iter": 500, "l2": 0, "reg_type": "W", "anneal": true, "nt": 10, "n_hidden": 32, "nv": 128}, "best_val_score": 211.91308259880196, "scores": [211.07237449510572], "mean": 211.07237449510572}, "T-Corex (W, L1, weighted samples)": {"std": 0.0, "min": 170.38457662968563, "best_params": {"max_iter": 500, "init": true, "gamma": 1.25, "l1": 1.0, "anneal": true, "nt": 10, "n_hidden": 32, "nv": 128, "reg_type": "W"}, "best_val_score": 169.9635905963641, "scores": [170.38457662968563], "mean": 170.38457662968563}, "T-Corex (W, L1)": {"std": 0.0, "min": 210.99048076702653, "best_params": {"max_iter": 500, "reg_type": "W", "l1": 0.03, "anneal": true, "nt": 10, "n_hidden": 32, "nv": 128}, "best_val_score": 211.8534782915546, "scores": [210.99048076702653], "mean": 210.99048076702653}, "T-GLASSO (L1)": {"std": 0.0, "min": 167.2975396241199, "best_params": {"lamb": 0.1, "beta": 1.0, "max_iter": 100, "indexOfPenalty": 1}, "best_val_score": 166.23952769546122, "scores": [167.2975396241199], "mean": 167.2975396241199}}