{"Ledoit-Wolf": {"std": 0.0, "best_params": {}, "min": 101.39878871682126, "scores": [101.39878871682126], "mean": 101.39878871682126}, "Ground Truth": {"std": 0.0, "best_params": {}, "min": 77.16099396387324, "scores": [77.16099396387324], "mean": 77.16099396387324}, "Linear CorEx": {"std": 0.0, "best_params": {"anneal": true, "max_iter": 500, "n_hidden": 4}, "min": 90.01126921695604, "scores": [90.01126921695604], "mean": 90.01126921695604}, "Graphical LASSO": {"std": 0.0, "best_params": {"alpha": 0.3, "max_iter": 100, "mode": "lars"}, "min": 104.59217965488408, "scores": [104.59217965488408], "mean": 104.59217965488408}, "Time-Varying GLASSO (no reg)": {"std": 0.0, "best_params": {"lamb": 0.1, "beta": 0.0, "max_iter": 30, "indexOfPenalty": 1}, "min": 96.42688319670117, "scores": [96.42688319670117], "mean": 96.42688319670117}, "Time-Varying Linear CorEx (Sigma)": {"std": 0.0, "best_params": {"max_iter": 500, "l2": 0, "l1": 0.03, "anneal": true, "nt": 10, "n_hidden": 4, "nv": 128}, "min": 88.86088912857761, "scores": [88.86088912857761], "mean": 88.86088912857761}, "Factor Analysis": {"std": 0.0, "best_params": {"n_components": 4}, "min": 133.43570689431192, "scores": [133.43570689431192], "mean": 133.43570689431192}, "Oracle approximating shrinkage": {"std": 0.0, "best_params": {}, "min": 102.37195932554, "scores": [102.37195932554], "mean": 102.37195932554}, "Diagonal": {"std": 0.0, "best_params": {}, "min": 186.68135500891148, "scores": [186.68135500891148], "mean": 186.68135500891148}, "Time-Varying Linear CorEx (WWT)": {"std": 0.0, "best_params": {"max_iter": 500, "l2": 0, "l1": 1.0, "anneal": true, "nt": 10, "n_hidden": 4, "nv": 128}, "min": 87.72799503779754, "scores": [87.72799503779754], "mean": 87.72799503779754}, "Time-Varying Linear CorEx (W)": {"std": 0.0, "best_params": {"max_iter": 500, "l2": 0, "l1": 10.0, "anneal": true, "nt": 10, "n_hidden": 4, "nv": 128}, "min": 87.76238340107656, "scores": [87.76238340107656], "mean": 87.76238340107656}, "Time-Varying GLASSO": {"std": 0.0, "best_params": {"lamb": 0.01, "beta": 0.3, "max_iter": 30, "indexOfPenalty": 1}, "min": 88.91760589775474, "scores": [88.91760589775474], "mean": 88.91760589775474}, "PCA": {"std": 0.0, "best_params": {"n_components": 4}, "min": 148.31011841274122, "scores": [148.31011841274122], "mean": 148.31011841274122}, "Time-Varying Linear CorEx with Priors (W, method 1)": {"std": 0.0, "best_params": {"max_iter": 500, "l2": 0, "l1": 3.0, "anneal": true, "nt": 10, "n_hidden": 4, "nv": 128, "lambda": 0.0}, "min": 89.13437061008649, "scores": [89.13437061008649], "mean": 89.13437061008649}, "Time-Varying Linear CorEx with Priors (W, method 2)": {"std": 0.0, "min": 89.01318336973245, "best_params": {"max_iter": 500, "l2": 0, "l1": 10.0, "anneal": true, "nt": 10, "n_hidden": 4, "nv": 128, "lambda": 0.0}, "best_val_score": 88.3669584413952, "scores": [89.01318336973245], "mean": 89.01318336973245}, "Time-Varying Linear CorEx with Priors (W, weights only)": {"std": 0.0, "min": 88.19472648597741, "best_params": {"max_iter": 500, "l2": 0, "gamma": 2.5, "l1": 1.0, "anneal": true, "nt": 10, "n_hidden": 4, "nv": 128}, "best_val_score": 87.72971278191406, "scores": [88.19472648597741], "mean": 88.19472648597741}, "Time-Varying Linear CorEx with Priors (W, weights)": {"std": 0.0, "min": 87.34060669321791, "best_params": {"max_iter": 500, "l2": 0, "gamma": 2.5, "l1": 0.1, "anneal": true, "nt": 10, "n_hidden": 4, "nv": 128, "lambda": 0.5}, "best_val_score": 86.20703289648569, "scores": [87.34060669321791], "mean": 87.34060669321791}}