{"Ledoit-Wolf": {"std": 0.0, "min": 164.22482276956845, "best_params": {}, "best_val_score": {"std": 0.0, "min": 164.3168178424774, "scores": [164.3168178424774], "mean": 164.3168178424774}, "scores": [164.22482276956845], "mean": 164.22482276956845}, "Ground Truth": {"std": 0.0, "min": 145.9120676464724, "best_params": {}, "best_val_score": {"std": 0.0, "min": 145.9120676464724, "scores": [145.9120676464724], "mean": 145.9120676464724}, "scores": [145.9120676464724], "mean": 145.9120676464724}, "T-Corex (W, weighted samples)": {"std": 0.0, "min": 149.51501788627763, "best_params": {"max_iter": 500, "init": true, "l2": 0.3, "nv": 128, "anneal": true, "nt": 10, "n_hidden": 32, "gamma": 2.5, "reg_type": "W"}, "best_val_score": 149.40429739657162, "scores": [149.51501788627763], "mean": 149.51501788627763}, "Linear CorEx (applied bucket-wise)": {"std": 0.0, "min": 151.2093241132866, "best_params": {"anneal": true, "max_iter": 500, "n_hidden": 32}, "best_val_score": 151.30139697300658, "scores": [151.2093241132866], "mean": 151.2093241132866}, "Factor Analysis": {"std": 0.0, "min": 173.1667702111426, "best_params": {"n_components": 32}, "best_val_score": 173.25521697383033, "scores": [173.1667702111426], "mean": 173.1667702111426}, "Oracle approximating shrinkage": {"std": 0.0, "min": 164.26755659520853, "best_params": {}, "best_val_score": {"std": 0.0, "min": 164.35894306720328, "scores": [164.35894306720328], "mean": 164.35894306720328}, "scores": [164.26755659520853], "mean": 164.26755659520853}, "Diagonal": {"std": 0.0, "min": 182.11593991341144, "best_params": {}, "best_val_score": {"std": 0.0, "min": 182.29111630540504, "scores": [182.29111630540504], "mean": 182.29111630540504}, "scores": [182.11593991341144], "mean": 182.11593991341144}, "Linear CorEx (applied on whole data)": {"std": 0.0, "min": 160.07198297897133, "best_params": {"anneal": true, "max_iter": 500, "n_hidden": 32}, "best_val_score": 160.02836191989851, "scores": [160.07198297897133], "mean": 160.07198297897133}, "Graphical LASSO (sklearn)": {"std": 0.0, "min": 150.8558841628904, "best_params": {"alpha": 0.1, "max_iter": 100, "mode": "lars"}, "best_val_score": 150.74221225126013, "scores": [150.8558841628904], "mean": 150.8558841628904}, "T-GLASSO (no reg)": {"std": 0.0, "min": 158.901014401327, "best_params": {"lamb": 0.03, "beta": 0.0, "max_iter": 10, "indexOfPenalty": 2}, "best_val_score": 158.73696224750202, "scores": [158.901014401327], "mean": 158.901014401327}, "PCA": {"std": 0.0, "min": 179.1958912137806, "best_params": {"n_components": 32}, "best_val_score": 178.91212520674065, "scores": [179.1958912137806], "mean": 179.1958912137806}, "T-GLASSO": {"std": 0.0, "min": 158.02629785471552, "best_params": {"lamb": 0.03, "beta": 1.0, "max_iter": 10, "indexOfPenalty": 2}, "best_val_score": 157.8863070873568, "scores": [158.02629785471552], "mean": 158.02629785471552}, "T-Corex (W)": {"std": 0.0, "min": 152.15309907794804, "best_params": {"max_iter": 500, "l2": 0.003, "reg_type": "W", "anneal": true, "nt": 10, "n_hidden": 32, "nv": 128}, "best_val_score": 151.88817458087811, "scores": [152.15309907794804], "mean": 152.15309907794804}, "T-Corex (W, L1, weighted samples)": {"std": 0.0, "min": 149.1738447138694, "best_params": {"max_iter": 500, "init": true, "gamma": 2.5, "l1": 0.03, "anneal": true, "nt": 10, "n_hidden": 32, "nv": 128, "reg_type": "W"}, "best_val_score": 149.0982165246505, "scores": [149.1738447138694], "mean": 149.1738447138694}, "T-Corex (W, L1)": {"std": 0.0, "min": 151.89194325267417, "best_params": {"max_iter": 500, "reg_type": "W", "l1": 0.01, "anneal": true, "nt": 10, "n_hidden": 32, "nv": 128}, "best_val_score": 151.78344566145083, "scores": [151.89194325267417], "mean": 151.89194325267417}, "T-GLASSO (L1)": {"std": 0.0, "min": 149.896886877942, "best_params": {"lamb": 0.03, "beta": 0.1, "max_iter": 100, "indexOfPenalty": 1}, "best_val_score": 149.60122049626673, "scores": [149.896886877942], "mean": 149.896886877942}}