{"Ledoit-Wolf": {"std": 0.0, "min": 150.60965856045328, "best_params": {}, "best_val_score": {"std": 0.0, "min": 150.19861231402, "scores": [150.19861231402], "mean": 150.19861231402}, "scores": [150.60965856045328], "mean": 150.60965856045328}, "Ground Truth": {"std": 0.0, "min": 121.10431598256284, "best_params": {}, "best_val_score": {"std": 0.0, "min": 121.10431598256284, "scores": [121.10431598256284], "mean": 121.10431598256284}, "scores": [121.10431598256284], "mean": 121.10431598256284}, "T-Corex (W, L2, weighted samples)": {"std": 0.0, "min": 126.99820504269579, "best_params": {"max_iter": 500, "init": true, "l2": 1.0, "nv": 128, "anneal": true, "nt": 10, "n_hidden": 8, "gamma": 2.5, "reg_type": "W"}, "best_val_score": 126.69362464293897, "scores": [126.99820504269579], "mean": 126.99820504269579}, "Linear CorEx (applied bucket-wise)": {"std": 0.0, "min": 131.32173407539878, "best_params": {"anneal": true, "max_iter": 500, "n_hidden": 8}, "best_val_score": 130.96038300994638, "scores": [131.32173407539878], "mean": 131.32173407539878}, "Factor Analysis": {"std": 0.0, "min": 160.83163992564985, "best_params": {"n_components": 8}, "best_val_score": 159.85806982831144, "scores": [160.83163992564985], "mean": 160.83163992564985}, "Oracle approximating shrinkage": {"std": 0.0, "min": 150.32430332669867, "best_params": {}, "best_val_score": {"std": 0.0, "min": 149.99532946648762, "scores": [149.99532946648762], "mean": 149.99532946648762}, "scores": [150.32430332669867], "mean": 150.32430332669867}, "Diagonal": {"std": 0.0, "min": 184.65594460289967, "best_params": {}, "best_val_score": {"std": 0.0, "min": 184.9690970092251, "scores": [184.9690970092251], "mean": 184.9690970092251}, "scores": [184.65594460289967], "mean": 184.65594460289967}, "Linear CorEx (applied on whole data)": {"std": 0.0, "min": 141.7014288681818, "best_params": {"anneal": true, "max_iter": 500, "n_hidden": 8}, "best_val_score": 140.88037133028496, "scores": [141.7014288681818], "mean": 141.7014288681818}, "Graphical LASSO (sklearn)": {"std": 0.0, "min": 140.3553171878058, "best_params": {"alpha": 0.3, "max_iter": 100, "mode": "lars"}, "best_val_score": 140.1907914326487, "scores": [140.3553171878058], "mean": 140.3553171878058}, "T-GLASSO (no reg)": {"std": 0.0, "min": 145.4709590878771, "best_params": {"lamb": 0.1, "beta": 0.0, "max_iter": 10, "indexOfPenalty": 2}, "best_val_score": 145.39240042132866, "scores": [145.4709590878771], "mean": 145.4709590878771}, "PCA": {"std": 0.0, "min": 170.1528114534936, "best_params": {"n_components": 8}, "best_val_score": 170.1267475446403, "scores": [170.1528114534936], "mean": 170.1528114534936}, "T-GLASSO (L2)": {"std": 0.0, "min": 144.36286362570948, "best_params": {"lamb": 0.03, "beta": 1.0, "max_iter": 10, "indexOfPenalty": 2}, "best_val_score": 144.25834269803752, "scores": [144.36286362570948], "mean": 144.36286362570948}, "T-Corex (W, L2)": {"std": 0.0, "min": 131.58645345305703, "best_params": {"max_iter": 500, "l2": 0.01, "reg_type": "W", "anneal": true, "nt": 10, "n_hidden": 8, "nv": 128}, "best_val_score": 131.24149694698198, "scores": [131.58645345305703], "mean": 131.58645345305703}, "T-Corex (W, L1, weighted samples)": {"std": 0.0, "min": 126.96016328594881, "best_params": {"max_iter": 500, "init": true, "gamma": 2.0, "l1": 0.1, "anneal": true, "nt": 10, "n_hidden": 8, "nv": 128, "reg_type": "W"}, "best_val_score": 126.6550009403262, "scores": [126.96016328594881], "mean": 126.96016328594881}, "T-Corex (W, L1)": {"std": 0.0, "min": 131.71738337415542, "best_params": {"max_iter": 500, "reg_type": "W", "l1": 0, "anneal": true, "nt": 10, "n_hidden": 8, "nv": 128}, "best_val_score": 131.26955736680458, "scores": [131.71738337415542], "mean": 131.71738337415542}, "T-GLASSO (L1)": {"std": 0.0, "min": 130.81611288745825, "best_params": {"lamb": 0.03, "beta": 0.3, "max_iter": 100, "indexOfPenalty": 1}, "best_val_score": 130.40633780198195, "scores": [130.81611288745825], "mean": 130.81611288745825}}