{"Ledoit-Wolf": {"std": 0.0, "min": 96.33130698734222, "best_params": {}, "best_val_score": {"std": 0.0, "min": 96.8448982873264, "scores": [96.8448982873264], "mean": 96.8448982873264}, "scores": [96.33130698734222], "mean": 96.33130698734222}, "Ground Truth": {"std": 0.0, "min": 76.99954258920013, "best_params": {}, "best_val_score": {"std": 0.0, "min": 76.99954258920013, "scores": [76.99954258920013], "mean": 76.99954258920013}, "scores": [76.99954258920013], "mean": 76.99954258920013}, "T-Corex + priors (W, method 2)": {"std": 0.0, "min": 79.32193770654985, "best_params": {"lamb": 0.0, "max_iter": 500, "init": true, "reg_type": "W", "l1": 0.03, "anneal": true, "nt": 10, "n_hidden": 4, "nv": 128}, "best_val_score": 79.33338094641792, "scores": [79.32193770654985], "mean": 79.32193770654985}, "T-Corex + priors (W, method 2, weighted samples)": {"std": 0.0, "min": 79.33706602955965, "best_params": {"lamb": 0.5, "max_iter": 500, "init": true, "nv": 128, "l1": 0.1, "anneal": true, "nt": 10, "n_hidden": 4, "gamma": 100000.0, "reg_type": "W"}, "best_val_score": 79.37866283891546, "scores": [79.33706602955965], "mean": 79.33706602955965}, "T-Corex + priors (W, method 1)": {"std": 0.0, "min": 79.36115698469804, "best_params": {"lamb": 0.0, "max_iter": 500, "init": true, "reg_type": "W", "l1": 0.1, "anneal": true, "nt": 10, "n_hidden": 4, "nv": 128}, "best_val_score": 79.43518142255053, "scores": [79.36115698469804], "mean": 79.36115698469804}, "Linear CorEx (applied bucket-wise)": {"std": 0.0, "min": 79.36394597659375, "best_params": {"anneal": true, "max_iter": 500, "n_hidden": 4}, "best_val_score": 79.4533044979589, "scores": [79.36394597659375], "mean": 79.36394597659375}, "Factor Analysis": {"std": 0.0, "min": 83.3211299784599, "best_params": {"n_components": 4}, "best_val_score": 83.5506388940553, "scores": [83.3211299784599], "mean": 83.3211299784599}, "Oracle approximating shrinkage": {"std": 0.0, "min": 95.54694388913886, "best_params": {}, "best_val_score": {"std": 0.0, "min": 96.07253465051652, "scores": [96.07253465051652], "mean": 96.07253465051652}, "scores": [95.54694388913886], "mean": 95.54694388913886}, "Diagonal": {"std": 0.0, "min": 183.14249226024566, "best_params": {}, "best_val_score": {"std": 0.0, "min": 185.65775936568306, "scores": [185.65775936568306], "mean": 185.65775936568306}, "scores": [183.14249226024566], "mean": 183.14249226024566}, "Linear CorEx (applied on whole data)": {"std": 0.0, "min": 129.34290320912484, "best_params": {"anneal": true, "max_iter": 500, "n_hidden": 4}, "best_val_score": 127.55679966955002, "scores": [129.34290320912484], "mean": 129.34290320912484}, "Graphical LASSO (sklearn)": {"std": 0.0, "min": 101.25521954856649, "best_params": {"alpha": 0.3, "max_iter": 100, "mode": "lars"}, "best_val_score": 101.41514525240177, "scores": [101.25521954856649], "mean": 101.25521954856649}, "T-Corex (W, weighted samples)": {"std": 0.0, "min": 79.30326039722806, "best_params": {"max_iter": 500, "init": true, "gamma": 100000.0, "l1": 0.1, "anneal": true, "nt": 10, "n_hidden": 4, "nv": 128, "reg_type": "W"}, "best_val_score": 79.35103928165292, "scores": [79.30326039722806], "mean": 79.30326039722806}, "T-GLASSO (no reg)": {"std": 0.0, "min": 88.19346300149257, "best_params": {"lamb": 0.03, "beta": 0.0, "max_iter": 30, "indexOfPenalty": 1}, "best_val_score": 88.3298434066124, "scores": [88.19346300149257], "mean": 88.19346300149257}, "PCA": {"std": 0.0, "min": 89.82922197266367, "best_params": {"n_components": 4}, "best_val_score": 90.04810473463544, "scores": [89.82922197266367], "mean": 89.82922197266367}, "T-Corex (W, weighted samples, no init)": {"std": 0.0, "min": 79.33901170467668, "best_params": {"max_iter": 500, "init": false, "gamma": 100000.0, "l1": 0.03, "anneal": true, "nt": 10, "n_hidden": 4, "nv": 128, "reg_type": "W"}, "best_val_score": 79.43424822309134, "scores": [79.33901170467668], "mean": 79.33901170467668}, "T-GLASSO": {"std": 0.0, "min": 86.2194420189691, "best_params": {"lamb": 0.01, "beta": 0.1, "max_iter": 30, "indexOfPenalty": 1}, "best_val_score": 86.26251707264521, "scores": [86.2194420189691], "mean": 86.2194420189691}, "T-Corex (W)": {"std": 0.0, "min": 79.4452709410375, "best_params": {"max_iter": 500, "reg_type": "W", "l1": 0.003, "anneal": true, "nt": 10, "n_hidden": 4, "nv": 128}, "best_val_score": 79.52757211186987, "scores": [79.4452709410375], "mean": 79.4452709410375}, "T-GLASSO (more iters)": {"std": 0.0, "min": 80.10464193597078, "best_params": {"lamb": 0.01, "beta": 0.1, "max_iter": 100, "indexOfPenalty": 1}, "best_val_score": 80.08572986143398, "scores": [80.10464193597078], "mean": 80.10464193597078}, "T-GLASSO (more iters, no reg)": {"std": 0.0, "min": 83.29272747248443, "best_params": {"lamb": 0.03, "beta": 0.0, "max_iter": 100, "indexOfPenalty": 1}, "best_val_score": 83.49369587735191, "scores": [83.29272747248443], "mean": 83.29272747248443}}