{"LinearCorex": {"std": 1.8106315131478707, "best_params": {"anneal": true, "max_iter": 500, "n_hidden": 8}, "min": 173.31229839474346, "scores": [175.3529862336464, 178.27908824731634, 173.31229839474346, 173.75091216211612, 173.9352678931201], "mean": 174.92611058618849}, "FactorAnalysis": {"std": NaN, "best_params": {"n_components": 8}, "min": NaN, "scores": [NaN, NaN, NaN, NaN, NaN], "mean": NaN}, "TimeVaryingCorex": {"std": 1.750766097625568, "best_params": {"max_iter": 500, "l2": 0, "l1": 0.03, "anneal": true, "nt": 10, "n_hidden": 8, "nv": 128}, "min": 148.70053362580532, "scores": [150.2002644324801, 151.97356647297116, 148.70053362580532, 153.87355740445528, 151.83261005114645], "mean": 151.31610639737164}, "Diagonal": {"std": 0.0, "best_params": {}, "min": 203.15796403047597, "scores": [203.15796403047597, 203.15796403047597, 203.15796403047597, 203.15796403047597, 203.15796403047597], "mean": 203.15796403047597}, "TimeVaryingGraphLasso": {"std": 0.0, "best_params": {"lamb": 0.1, "beta": 0.1, "max_iter": 30, "indexOfPenalty": 1}, "min": 113.93512609661832, "scores": [113.93512609661832, 113.93512609661832, 113.93512609661832, 113.93512609661832, 113.93512609661832], "mean": 113.93512609661832}, "LedoitWolf": {"std": 0.0, "best_params": {}, "min": 155.90160633544252, "scores": [155.90160633544252, 155.90160633544252, 155.90160633544252, 155.90160633544252, 155.90160633544252], "mean": 155.90160633544252}, "OAS": {"std": 0.0, "best_params": {}, "min": 153.67611190070733, "scores": [153.67611190070733, 153.67611190070733, 153.67611190070733, 153.67611190070733, 153.67611190070733], "mean": 153.67611190070733}, "GroundTruth": {"std": 0.0, "best_params": {}, "min": 85.06404811970233, "scores": [85.06404811970233, 85.06404811970233, 85.06404811970233, 85.06404811970233, 85.06404811970233], "mean": 85.06404811970233}, "GraphLasso": {"std": 0.0, "best_params": {"alpha": 1, "max_iter": 100, "mode": "lars"}, "min": 193.53013093928047, "scores": [193.53013093928047, 193.53013093928047, 193.53013093928047, 193.53013093928047, 193.53013093928047], "mean": 193.53013093928047}, "PCA": {"std": NaN, "best_params": {"n_components": 8}, "min": NaN, "scores": [NaN, NaN, NaN, NaN, NaN], "mean": NaN}}