{"LinearCorex": {"std": 1.2466942627851838, "best_params": {"anneal": true, "max_iter": 500, "n_hidden": 32}, "min": 209.04492593607523, "scores": [209.04492593607523, 210.03150567381377, 212.5048094319115, 211.8660643771801, 211.16345933164575], "mean": 210.92215295012528}, "FactorAnalysis": {"std": NaN, "best_params": {"n_components": 32}, "min": NaN, "scores": [NaN, NaN, NaN, NaN, NaN], "mean": NaN}, "TimeVaryingCorex": {"std": 0.7420784712005825, "best_params": {"max_iter": 500, "l2": 0, "l1": 3.0, "anneal": true, "nt": 10, "n_hidden": 32, "nv": 128}, "min": 194.49894141970844, "scores": [195.50312369399956, 194.49894141970844, 195.8671428739052, 195.78616599113911, 196.81218231170618], "mean": 195.69351125809172}, "Diagonal": {"std": 0.0, "best_params": {}, "min": 203.11392669676846, "scores": [203.11392669676846, 203.11392669676846, 203.11392669676846, 203.11392669676846, 203.11392669676846], "mean": 203.11392669676846}, "TimeVaryingGraphLasso": {"std": 0.0, "best_params": {"lamb": 0.1, "beta": 0.1, "max_iter": 30, "indexOfPenalty": 1}, "min": 160.7078528561646, "scores": [160.7078528561646, 160.7078528561646, 160.7078528561646, 160.7078528561646, 160.7078528561646], "mean": 160.7078528561646}, "LedoitWolf": {"std": 0.0, "best_params": {}, "min": 185.77981476443273, "scores": [185.77981476443273, 185.77981476443273, 185.77981476443273, 185.77981476443273, 185.77981476443273], "mean": 185.77981476443273}, "OAS": {"std": 0.0, "best_params": {}, "min": 180.8993389956026, "scores": [180.8993389956026, 180.8993389956026, 180.8993389956026, 180.8993389956026, 180.8993389956026], "mean": 180.8993389956026}, "GroundTruth": {"std": 0.0, "best_params": {}, "min": 115.39664261553403, "scores": [115.39664261553403, 115.39664261553403, 115.39664261553403, 115.39664261553403, 115.39664261553403], "mean": 115.39664261553403}, "GraphLasso": {"std": 0.0, "best_params": {"alpha": 1, "max_iter": 100, "mode": "lars"}, "min": 200.02248817113397, "scores": [200.02248817113397, 200.02248817113397, 200.02248817113397, 200.02248817113397, 200.02248817113397], "mean": 200.02248817113397}, "PCA": {"std": NaN, "best_params": {"n_components": 32}, "min": NaN, "scores": [NaN, NaN, NaN, NaN, NaN], "mean": NaN}}