{"LinearCorex": {"std": 0.000291247874212975, "best_params": {"anneal": true, "max_iter": 500, "n_hidden": 8}, "min": 90.08072208089243, "scores": [90.08120141320511, 90.08141431287228, 90.08122478312416, 90.08072208089243, 90.08159240050638], "mean": 90.08123099812006}, "FactorAnalysis": {"std": 0.0, "best_params": {"n_components": 8}, "min": 122.98089211018316, "scores": [122.98089211018316, 122.98089211018316, 122.98089211018316, 122.98089211018316, 122.98089211018316], "mean": 122.98089211018316}, "TimeVaryingCorex": {"std": 0.0028787380110592634, "best_params": {"max_iter": 500, "l2": 0, "l1": 0.03, "anneal": true, "nt": 10, "n_hidden": 8, "nv": 128}, "min": 89.70913112740998, "scores": [89.71639467597657, 89.71675329513508, 89.71170279288776, 89.70913112740998, 89.71305435877352], "mean": 89.71340725003658}, "Diagonal": {"std": 0.0, "best_params": {}, "min": 182.3263545327526, "scores": [182.3263545327526, 182.3263545327526, 182.3263545327526, 182.3263545327526, 182.3263545327526], "mean": 182.3263545327526}, "TimeVaryingGraphLasso": {"std": 0.0, "best_params": {"lamb": 0.03, "beta": 0.1, "max_iter": 30, "indexOfPenalty": 1}, "min": 95.49361053973698, "scores": [95.49361053973698, 95.49361053973698, 95.49361053973698, 95.49361053973698, 95.49361053973698], "mean": 95.49361053973698}, "LedoitWolf": {"std": 0.0, "best_params": {}, "min": 108.94199484334419, "scores": [108.94199484334419, 108.94199484334419, 108.94199484334419, 108.94199484334419, 108.94199484334419], "mean": 108.94199484334419}, "OAS": {"std": 0.0, "best_params": {}, "min": 109.29923674660533, "scores": [109.29923674660533, 109.29923674660533, 109.29923674660533, 109.29923674660533, 109.29923674660533], "mean": 109.29923674660533}, "GroundTruth": {"std": 0.0, "best_params": {}, "min": 84.56026124794927, "scores": [84.56026124794927, 84.56026124794927, 84.56026124794927, 84.56026124794927, 84.56026124794927], "mean": 84.56026124794927}, "GraphLasso": {"std": 0.0, "best_params": {"alpha": 0.3, "max_iter": 100, "mode": "lars"}, "min": 109.70979994474062, "scores": [109.70979994474062, 109.70979994474062, 109.70979994474062, 109.70979994474062, 109.70979994474062], "mean": 109.70979994474062}, "PCA": {"std": 0.0, "best_params": {"n_components": 8}, "min": 123.57462728465914, "scores": [123.57462728465914, 123.57462728465914, 123.57462728465914, 123.57462728465914, 123.57462728465914], "mean": 123.57462728465914}}