{"LinearCorex": {"std": 0.0024637956729555758, "best_params": {"anneal": true, "max_iter": 500, "n_hidden": 8}, "min": 99.59443354623434, "scores": [99.59513260516596, 99.60021347277386, 99.59679683836082, 99.600252531145, 99.59443354623434], "mean": 99.59736579873599}, "FactorAnalysis": {"std": 0.0, "best_params": {"n_components": 8}, "min": 370.3476479091008, "scores": [370.3476479091008, 370.3476479091008, 370.3476479091008, 370.3476479091008, 370.3476479091008], "mean": 370.3476479091008}, "TimeVaryingCorex": {"std": 0.009739972139284169, "best_params": {"max_iter": 500, "l2": 0, "l1": 0.03, "anneal": true, "nt": 10, "n_hidden": 8, "nv": 128}, "min": 97.80644789778393, "scores": [97.80644789778393, 97.83195133769962, 97.83365220531392, 97.82530758560638, 97.82105682467876], "mean": 97.82368317021653}, "Diagonal": {"std": 0.0, "best_params": {}, "min": 186.40107120720745, "scores": [186.40107120720745, 186.40107120720745, 186.40107120720745, 186.40107120720745, 186.40107120720745], "mean": 186.40107120720745}, "TimeVaryingGraphLasso": {"std": 0.0, "best_params": {"lamb": 0.03, "beta": 0.1, "max_iter": 30, "indexOfPenalty": 1}, "min": 99.50795889138102, "scores": [99.50795889138102, 99.50795889138102, 99.50795889138102, 99.50795889138102, 99.50795889138102], "mean": 99.50795889138102}, "LedoitWolf": {"std": 0.0, "best_params": {}, "min": 126.31976206188224, "scores": [126.31976206188224, 126.31976206188224, 126.31976206188224, 126.31976206188224, 126.31976206188224], "mean": 126.31976206188224}, "OAS": {"std": 0.0, "best_params": {}, "min": 127.22094568176394, "scores": [127.22094568176394, 127.22094568176394, 127.22094568176394, 127.22094568176394, 127.22094568176394], "mean": 127.22094568176394}, "GroundTruth": {"std": 0.0, "best_params": {}, "min": 84.29775354941052, "scores": [84.29775354941052, 84.29775354941052, 84.29775354941052, 84.29775354941052, 84.29775354941052], "mean": 84.29775354941052}, "GraphLasso": {"std": 0.0, "best_params": {"alpha": 1, "max_iter": 100, "mode": "lars"}, "min": 178.29589300382162, "scores": [178.29589300382162, 178.29589300382162, 178.29589300382162, 178.29589300382162, 178.29589300382162], "mean": 178.29589300382162}, "PCA": {"std": 0.0, "best_params": {"n_components": 8}, "min": 153.48272604349307, "scores": [153.48272604349307, 153.48272604349307, 153.48272604349307, 153.48272604349307, 153.48272604349307], "mean": 153.48272604349307}}