{"LinearCorex": {"std": 0.014364580330482202, "best_params": {"anneal": true, "max_iter": 500, "n_hidden": 8}, "min": 176.65438282667674, "scores": [176.68754019357775, 176.65438282667674, 176.68972418548285, 176.68661967463487, 176.69460761444915], "mean": 176.6825748989643}, "FactorAnalysis": {"std": 0.0, "best_params": {"n_components": 8}, "min": 505.7272636702161, "scores": [505.7272636702161, 505.7272636702161, 505.7272636702161, 505.7272636702161, 505.7272636702161], "mean": 505.7272636702161}, "TimeVaryingCorex": {"std": 0.4521094616576276, "best_params": {"max_iter": 500, "l2": 0, "l1": 0.003, "anneal": true, "nt": 10, "n_hidden": 8, "nv": 128}, "min": 176.25243664311978, "scores": [177.5744844322144, 176.5893263347734, 176.89699826803866, 177.1278467883654, 176.25243664311978], "mean": 176.88821849330233}, "Diagonal": {"std": 0.0, "best_params": {}, "min": 195.86879088478224, "scores": [195.86879088478224, 195.86879088478224, 195.86879088478224, 195.86879088478224, 195.86879088478224], "mean": 195.86879088478224}, "TimeVaryingGraphLasso": {"std": 0.0, "best_params": {"lamb": 0.1, "beta": 0.3, "max_iter": 30, "indexOfPenalty": 1}, "min": 154.7355676109521, "scores": [154.7355676109521, 154.7355676109521, 154.7355676109521, 154.7355676109521, 154.7355676109521], "mean": 154.7355676109521}, "LedoitWolf": {"std": 0.0, "best_params": {}, "min": 178.12304620720676, "scores": [178.12304620720676, 178.12304620720676, 178.12304620720676, 178.12304620720676, 178.12304620720676], "mean": 178.12304620720676}, "OAS": {"std": 0.0, "best_params": {}, "min": 178.0154341077275, "scores": [178.0154341077275, 178.0154341077275, 178.0154341077275, 178.0154341077275, 178.0154341077275], "mean": 178.0154341077275}, "GroundTruth": {"std": 0.0, "best_params": {}, "min": 133.6929140304581, "scores": [133.6929140304581, 133.6929140304581, 133.6929140304581, 133.6929140304581, 133.6929140304581], "mean": 133.6929140304581}, "GraphLasso": {"std": 0.0, "best_params": {"alpha": 1, "max_iter": 100, "mode": "lars"}, "min": 176.53201085607992, "scores": [176.53201085607992, 176.53201085607992, 176.53201085607992, 176.53201085607992, 176.53201085607992], "mean": 176.53201085607992}, "PCA": {"std": 0.0, "best_params": {"n_components": 8}, "min": 214.52971314719588, "scores": [214.52971314719588, 214.52971314719588, 214.52971314719588, 214.52971314719588, 214.52971314719588], "mean": 214.52971314719588}}