{"LinearCorex": {"std": 0.0007304551174011991, "best_params": {"anneal": true, "max_iter": 500, "n_hidden": 8}, "min": 162.02722457619868, "scores": [162.0287470073343, 162.02913583929703, 162.02863413783035, 162.02722457619868, 162.02758795428963], "mean": 162.02826590298997}, "FactorAnalysis": {"std": 0.0, "best_params": {"n_components": 8}, "min": 189.54058513652828, "scores": [189.54058513652828, 189.54058513652828, 189.54058513652828, 189.54058513652828, 189.54058513652828], "mean": 189.54058513652828}, "TimeVaryingCorex": {"std": 0.025277884148791254, "best_params": {"max_iter": 500, "l2": 0, "l1": 0.003, "anneal": true, "nt": 10, "n_hidden": 8, "nv": 128}, "min": 161.67940224000998, "scores": [161.74036338934795, 161.74811822778196, 161.72408920558365, 161.7442210074089, 161.67940224000998], "mean": 161.7272388140265}, "Diagonal": {"std": 0.0, "best_params": {}, "min": 194.13032636362922, "scores": [194.13032636362922, 194.13032636362922, 194.13032636362922, 194.13032636362922, 194.13032636362922], "mean": 194.13032636362922}, "TimeVaryingGraphLasso": {"std": 0.0, "best_params": {"lamb": 0.1, "beta": 0.3, "max_iter": 30, "indexOfPenalty": 1}, "min": 151.73345099069704, "scores": [151.73345099069704, 151.73345099069704, 151.73345099069704, 151.73345099069704, 151.73345099069704], "mean": 151.73345099069704}, "LedoitWolf": {"std": 0.0, "best_params": {}, "min": 169.66273158286737, "scores": [169.66273158286737, 169.66273158286737, 169.66273158286737, 169.66273158286737, 169.66273158286737], "mean": 169.66273158286737}, "OAS": {"std": 0.0, "best_params": {}, "min": 169.43662515739825, "scores": [169.43662515739825, 169.43662515739825, 169.43662515739825, 169.43662515739825, 169.43662515739825], "mean": 169.43662515739825}, "GroundTruth": {"std": 0.0, "best_params": {}, "min": 137.69364580727776, "scores": [137.69364580727776, 137.69364580727776, 137.69364580727776, 137.69364580727776, 137.69364580727776], "mean": 137.69364580727776}, "GraphLasso": {"std": 0.0, "best_params": {"alpha": 0.3, "max_iter": 100, "mode": "lars"}, "min": 158.74343724662566, "scores": [158.74343724662566, 158.74343724662566, 158.74343724662566, 158.74343724662566, 158.74343724662566], "mean": 158.74343724662566}, "PCA": {"std": 0.0, "best_params": {"n_components": 8}, "min": 189.15197864088432, "scores": [189.15197864088432, 189.15197864088432, 189.15197864088432, 189.15197864088432, 189.15197864088432], "mean": 189.15197864088432}}