{"LinearCorex": {"std": 0.0009745967806721864, "best_params": {"anneal": true, "max_iter": 500, "n_hidden": 8}, "min": 185.77162768342015, "scores": [185.77457619771195, 185.77309708583695, 185.77252782016743, 185.7725149137736, 185.77162768342015], "mean": 185.772868740182}, "FactorAnalysis": {"std": 0.0, "best_params": {"n_components": 8}, "min": 731.8034264769512, "scores": [731.8034264769512, 731.8034264769512, 731.8034264769512, 731.8034264769512, 731.8034264769512], "mean": 731.8034264769512}, "TimeVaryingCorex": {"std": 0.01091871526688053, "best_params": {"max_iter": 500, "l2": 0, "l1": 0.01, "anneal": true, "nt": 10, "n_hidden": 8, "nv": 256}, "min": 184.76068282625312, "scores": [184.77284811691203, 184.79202029293202, 184.76747072192657, 184.76068282625312, 184.76517213329316], "mean": 184.77163881826337}, "Diagonal": {"std": 0.0, "best_params": {}, "min": 378.435954704714, "scores": [378.435954704714, 378.435954704714, 378.435954704714, 378.435954704714, 378.435954704714], "mean": 378.435954704714}, "TimeVaryingGraphLasso": {"std": 0.0, "best_params": {"lamb": 0.03, "beta": 0.3, "max_iter": 30, "indexOfPenalty": 1}, "min": 181.86340623372098, "scores": [181.86340623372098, 181.86340623372098, 181.86340623372098, 181.86340623372098, 181.86340623372098], "mean": 181.86340623372098}, "LedoitWolf": {"std": 0.0, "best_params": {}, "min": 239.8915258762403, "scores": [239.8915258762403, 239.8915258762403, 239.8915258762403, 239.8915258762403, 239.8915258762403], "mean": 239.8915258762403}, "OAS": {"std": 0.0, "best_params": {}, "min": 241.2945353926347, "scores": [241.2945353926347, 241.2945353926347, 241.2945353926347, 241.2945353926347, 241.2945353926347], "mean": 241.2945353926347}, "GroundTruth": {"std": 0.0, "best_params": {}, "min": 154.40096470683238, "scores": [154.40096470683238, 154.40096470683238, 154.40096470683238, 154.40096470683238, 154.40096470683238], "mean": 154.40096470683238}, "GraphLasso": {"std": 0.0, "best_params": {"alpha": 1, "max_iter": 100, "mode": "lars"}, "min": 361.30012600553755, "scores": [361.30012600553755, 361.30012600553755, 361.30012600553755, 361.30012600553755, 361.30012600553755], "mean": 361.30012600553755}, "PCA": {"std": 0.0, "best_params": {"n_components": 8}, "min": 370.6819221749321, "scores": [370.6819221749321, 370.6819221749321, 370.6819221749321, 370.6819221749321, 370.6819221749321], "mean": 370.6819221749321}}